account_id,sport
9SH9V,ice skating
Y0FAM,gymnastics
KJSXZ,hockey
55M8O,hockey
NS804,ice skating
DG4JB,hockey
WECC5,skating
4WQIB,water polo
4FLGR,biathlon
FCEQT,basketball
0N456,track
CT9EA,soccer
A861D,basketball
OYWI5,skiing
1IN21,ice skating
ZHZW5,skiing
XAEMH,curling
BLIBV,soccer
BBU6A,hockey
40KS6,track
8XKTJ,curling
ZW64O,diving
IHMF3,rowing
PW40B,bobsled
YM05M,skiing
IJBH1,basketball
TGLI2,biathlon
0WZQE,skiing
T37DM,track
RHW68,ice skating
NQ2V5,track
540AP,skating
XOFFF,rowing
MGW5R,basketball
VTFH5,skiing
M54Q6,biathlon
PZG0D,water polo
QK2B9,soccer
F79ZR,skating
0YOS5,basketball
EDSO3,skiing
ILH54,ice skating
O9MC8,rowing
TLGJQ,water polo
9FRBB,water polo
CX6QZ,hockey
ZNF0R,water polo
HHYUU,swimming
L72RV,ice skating
VOV5J,skiing
VR7T2,skating
GIJNW,skating
F9R3A,swimming
YLO9G,swimming
H5KYO,biathlon
R0DPR,basketball
P8PE4,gymnastics
PFO1U,skating
7D3PZ,gymnastics
Q4GFL,ice skating
WBPAX,ice skating
Z0XGU,hockey
B3U4W,swimming
DGIQS,water polo
IRPKN,gymnastics
EGZ4J,swimming
WRAT2,water polo
3KCKA,swimming
R7VXI,track
F28UM,curling
KGX0O,track
I7SFL,curling
EGS01,swimming
1OQRH,skiing
YY9SM,soccer
V8GKC,water polo
S1V3H,basketball
V1WOH,ice skating
HH1M7,hockey
CJNTE,ice skating
DGJ85,swimming
E9ZT8,ice skating
EFOCU,gymnastics
6E64O,ice skating
PPOCS,gymnastics
X8LXV,skiing
34K6O,track
XLZ45,swimming
E5UW1,basketball
UIDTQ,ice skating
1HZAS,hockey
SFIDV,basketball
B0WMN,bobsled
8LFHI,rowing
RI42F,skating
XK3GJ,track
GT3TI,ice skating
1HKQM,hockey
006O3,gymnastics
EJ8AM,sport
P8UOK,ice skating
X7OBY,gymnastics
87BU7,hockey
92I2Y,hockey
PBHFC,ice skating
M63IT,hockey
WUSF0,skating
6NS86,water polo
1H9CX,biathlon
4DGUK,sport
NJYKN,ice skating
4L0BA,gymnastics
YRL14,hockey
0ZJZT,hockey
8AOIB,ice skating
BW3MU,hockey
YDQ24,skating
PV7VX,water polo
86J10,biathlon
O8YYV,sport
DNCLE,ice skating
C0UHU,gymnastics
CTMHY,hockey
CA969,hockey
JY3X4,ice skating
QFR1K,hockey
BL4U8,skating
AWXDQ,water polo
IJI6N,biathlon
BHDQW,sport
CGC2X,ice skating
DW4SG,gymnastics
PCL39,hockey
GLVQG,hockey
BBHBZ,ice skating
3S3MN,hockey
YDZC3,skating
UBB1Y,water polo
N169E,biathlon
V2EVU,sport
VX9SU,ice skating
GOW8W,gymnastics
QR19G,hockey
Q1X68,hockey
7T5MJ,ice skating
WHC3M,hockey
SAZF9,skating
WPI4A,water polo
87CKX,biathlon
CCMQG,sport
6FWZI,ice skating
46YCO,gymnastics
ZTLSE,hockey
ISPDE,hockey
9R01Y,ice skating
Q6RDS,hockey
T40C2,skating
5XI94,water polo
IJ61L,biathlon
HFAMO,sport
519G2,ice skating
K3UHS,gymnastics
DRNO4,hockey
OE791,hockey
VJV2D,ice skating
LAAAV,hockey
G7ZYX,skating
DDZV9,water polo
PQEAZ,biathlon
4OUJ8,sport
MQBSG,ice skating
QMHWG,gymnastics
PRBZA,hockey
P1ZUA,hockey
MJUC1,ice skating
IH8AP,hockey
JH82V,skating
LBHMK,water polo
7CIPO,biathlon
PVB4C,sport
0C7T4,ice skating
DAWJW,gymnastics
HYR8F,hockey
0HGJC,hockey
PHPNC,ice skating
IXU4J,hockey
62876,skating
OFOQB,water polo
G2W79,biathlon
6A1CR,sport
0BMS5,ice skating
AU687,gymnastics
BX2PI,hockey
CXDQI,hockey
P9Q6Y,ice skating
LZLDV,hockey
KYTZ7,skating
K3VTH,water polo
20AR2,biathlon
TYD9O,biathlon
