item_id,frequency
W1UN9,quarterly
TW1LD,yearly
DKKV7,monthly
QJ9A3,weekly
Q9UXC,yearly
PDTL7,weekly
JG5JZ,quarterly
AVUUC,daily
H7MCZ,weekly
G8TKY,yearly
N8G08,quarterly
FN7WM,quarterly
IN5NP,once
JWTLV,quarterly
6JFVP,weekly
Z1KAJ,monthly
EKH68,once
II4C7,quarterly
MQUQQ,daily
Q6S50,weekly
S6HXW,daily
63C4G,yearly
DI9MA,weekly
YJOSM,monthly
CVK3Y,daily
G71SV,daily
HJZ38,weekly
FCJU5,once
OWG9N,quarterly
M69W2,weekly
YBPFT,daily
Y875G,monthly
I6SAJ,monthly
6K6I7,daily
INKF4,once
7FFU2,monthly
6CYXV,once
WCXLV,weekly
U1J61,weekly
2T904,yearly
NS9ZE,monthly
GY0E9,once
RGR3Q,monthly
SPNFJ,once
2DS61,daily
3Q8K2,once
YNQYO,weekly
BG37L,once
NE5IF,weekly
5JZ1Z,quarterly
FXAST,quarterly
6IF6C,quarterly
ZO9MC,monthly
LGJQL,quarterly
Y8W94,once
DI3IQ,once
TXLA4,yearly
JJDHJ,weekly
RVLZQ,once
U5V46,quarterly
HD377,yearly
GIJNW,yearly
J52AU,quarterly
7CT21,daily
BDMK5,monthly
6WPC0,yearly
2XC7O,monthly
7L80Q,monthly
GI3W6,monthly
7D3PZ,quarterly
UEWB2,once
IVKBC,monthly
LI6HU,daily
OAOYI,quarterly
3C0M7,monthly
KDGIQ,weekly
SGPTE,once
9P1PN,quarterly
NZW1Q,weekly
NZOSU,daily
QZND7,yearly
0V8OE,yearly
NGTTM,monthly
42GKH,daily
FUB36,weekly
LC7LK,daily
Q3SR7,weekly
8QWWQ,quarterly
CO260,weekly
NRKL2,monthly
ULFV3,daily
5E4S3,weekly
XEQNI,daily
LD09B,weekly
J348U,daily
2EF8S,once
OSKPM,daily
Y7WR8,quarterly
3J8RD,once
K3CH7,daily
MK4DM,once
Z4YDL,monthly
IIYX7,weekly
64ORQ,yearly
YV0WJ,quarterly
TCM7S,yearly
PWHNO,daily
IPKWV,weekly
D3L74,monthly
JOO06,once
ZAS9T,weekly
GSYZV,daily
AX2ST,monthly
XQ007,once
ELKUK,quarterly
O3FA4,quarterly
WENO4,weekly
JBCZI,daily
DU4D5,quarterly
2MAMO,yearly
DCZWA,daily
IYBNO,once
66K5E,weekly
HWFRW,daily
RU8L8,monthly
XHTJY,yearly
TY17E,monthly
YSPI9,monthly
FA2SR,weekly
0UGGP,quarterly
QO90N,quarterly
MTR3Q,quarterly
C7BL9,yearly
Q1220,yearly
5J1AW,once
KY6SR,daily
QNYMF,quarterly
ILWIQ,monthly
RAJQE,quarterly
E5WMF,monthly
0BI2Z,weekly
9OXDJ,quarterly
BK7L2,once
EHME0,once
ASSPL,once
LY99M,daily
SRE2K,quarterly
RBZSX,monthly
PMG2K,quarterly
FUBCU,weekly
ZK93L,daily
HJ2KC,daily
L5WIC,monthly
4SJQM,weekly
FSCOL,quarterly
89FNW,monthly
6Z0GW,yearly
OLZ4H,monthly
ZAP4N,quarterly
H89DV,quarterly
F19QM,once
6FJY0,daily
I7SX0,yearly
OL11S,yearly
U9PQK,monthly
FI4JE,once
ME6NS,once
6WVRX,monthly
3BLQ4,once
X77OD,daily
V7KJA,quarterly
CEYPE,monthly
U0JUO,weekly
651I2,quarterly
I7YGL,quarterly
JD0UD,quarterly
VD22L,once
MJMZ8,daily
97MPY,daily
YN00B,yearly
J4PNO,monthly
GOBQL,weekly
2JBJM,daily
93VVK,monthly
4MFHY,weekly
1JLLF,daily
TBOK3,quarterly
2CYH2,yearly
YH03S,daily
431X6,monthly
TULAA,daily
RIWN8,daily
U4CV5,yearly
YU4EP,weekly
97CFO,once
DKSK7,daily
B2KQZ,once
FX8M6,monthly
J6GY1,quarterly
IBMNJ,yearly
1R09K,quarterly
W6GWC,monthly
D0VN1,quarterly
VPVQT,quarterly
3L5OC,daily
WSMPK,weekly
FSIIK,monthly
CWY3U,daily
IQ1AH,weekly
7Q3SH,quarterly
UDGB5,weekly
UP4DV,monthly
6S3Q1,yearly
HB6HJ,weekly
WFCZ6,yearly
IEO1T,once
G7824,daily
RUZTL,yearly
FU4CK,daily
4A8G0,weekly
X44ON,quarterly
13535,daily
PTUTJ,quarterly
DBLCG,quarterly
XC4M7,daily
AB5BZ,once
3LXFM,weekly
LKJAO,monthly
UWQLE,monthly
LRAQC,weekly
WOSYA,monthly
3LHR7,monthly
4U4EE,yearly
Y8AMU,once
G1DVG,quarterly
B1Q3X,once
504DR,daily
VWT7P,yearly
VWEE8,daily
V349Q,once
G06BL,daily
Z8T4K,weekly
2C8XO,daily
CU9YS,weekly
ADZWR,yearly
K22M7,weekly
YPZDA,daily
C8I6R,quarterly
DYSX3,quarterly
B53W6,once
OIZSU,once
IRZF9,yearly
UNBIO,yearly
9PDP3,monthly
ZAK8D,quarterly
C66JA,monthly
ENKHD,daily
3Y5VR,monthly
XY7CQ,once
QDWW5,weekly
1RRVY,weekly
TZFJZ,quarterly
FQXDS,quarterly
VHKRC,weekly
POEEF,monthly
ANM9V,daily
9FRB4,quarterly
LFO2S,monthly
5V44Z,yearly
L7HTW,quarterly
RVMDH,once
9A0R2,quarterly
NWHC3,once
SAZF9,weekly
9RUBB,daily
X9N5O,weekly
XW66M,quarterly
DOF8S,daily
CVGSZ,quarterly
JEQAF,once
UKKEE,daily
MZW4R,yearly
O5RYB,monthly
N1VZM,daily
GVJ87,yearly
SRGUV,monthly
PYTP4,weekly
COP9U,yearly
9K9K6,monthly
CGBJ6,quarterly
B6GBP,weekly
SADER,once
KX5RX,quarterly
IOTNG,quarterly
J77EO,daily
0EHKS,yearly
AMOP2,yearly
TG498,monthly
OC8YT,monthly
J4AC4,daily
ASSXS,once
OATI0,quarterly
E9NCC,monthly
QKITD,weekly
4OCSD,monthly
1MZFK,quarterly
B3FIK,weekly
X2J7P,weekly
THJKW,monthly
D4WYQ,daily
DA9UD,yearly
8G9H1,weekly
ZV37K,quarterly
0D73Z,daily
MV1QU,yearly
N7GBZ,monthly
6NTO5,monthly
K1DF7,daily
X6WBZ,monthly
1V596,daily
FK5IY,monthly
UDN3P,monthly
HQANN,daily
A4FY9,once
UG3TH,once
JIZKG,daily
AAW8F,daily
K85RF,once
0TMEN,yearly
ILIDG,quarterly
G903J,once
N2ELO,monthly
FWQVV,once
LPQEA,weekly
PDQ9D,weekly
16XZX,yearly
FDLI1,once
1C4HF,daily
Z62ZS,weekly
UGNRH,daily
DB00L,daily
HZY77,yearly
PWGBB,yearly
HG53K,yearly
C45KV,yearly
19LHP,quarterly
HVSU2,monthly
K3DWY,once
MDIRU,quarterly
W8DQK,quarterly
N8AP2,yearly
AHBYO,quarterly
LMH5B,once
MSWP6,monthly
JUG1K,daily
6ESUH,quarterly
SYM8M,quarterly
R8ZNT,daily
TL3HF,daily
R636K,daily
NTYCV,weekly
F4YDD,quarterly
IUVHV,daily
JCEVH,yearly
9P9M7,yearly
46NUM,weekly
4NYOK,once
H4P9D,weekly
KZLD4,monthly
YZW95,yearly
V2IK3,once
9O4G4,once
4CXFK,monthly
XR5EO,monthly
MUK28,weekly
US4SQ,weekly
LENYA,yearly
NPMAV,yearly
82SCW,quarterly
ATIHK,monthly
K8J6O,daily
A0XZQ,once
HRLIG,quarterly
OHWNX,monthly
QZ6SL,yearly
1CRSM,daily
10IIG,yearly
NBAWW,weekly
BLYA4,quarterly
1W8R0,quarterly
3PNLB,quarterly
MJ4QR,daily
XPPW4,yearly
EAG17,daily
F4D56,once
A2MPG,once
4UCTZ,monthly
NW8PM,yearly
4XH0Z,yearly
FSBWT,monthly
XZAM2,daily
8YIMG,quarterly
XDEYL,daily
77EMZ,monthly
MFESE,once
I3HI7,daily
U93IP,once
OIEQM,quarterly
VUVIS,weekly
QSW40,once
QG3B4,daily
E9AX4,yearly
M3G6N,monthly
NV6JD,weekly
A4D5Z,yearly
TCYHG,once
Q4XXS,yearly
MAWN2,monthly
F42D3,monthly
4N32J,once
ZM1QI,weekly
V8F7D,once
IB48X,monthly
94DTB,once
ZHIQQ,monthly
CNA1P,daily
YFAT8,once
FS1M8,weekly
5RUGH,yearly
RMHRR,weekly
B31TT,quarterly
YO75C,monthly
RTM7H,quarterly
9U1M1,weekly
47TZC,weekly
ILX7C,weekly
GOLS1,quarterly
CIK9X,once
WA65H,monthly
YABH5,daily
4BHE3,weekly
9SVOF,quarterly
BRGOP,once
NBBT0,monthly
PWB53,daily
ZQSTY,once
BVIS4,weekly
OD5ZM,once
D8M6P,monthly
EL6TJ,monthly
NX7E1,once
XAOZP,weekly
N2LC5,yearly
PAC4D,weekly
91ZAU,daily
PBXNQ,daily
VNMKL,daily
73YVR,monthly
C6GRH,once
VNT52,once
NO7E9,weekly
KI84G,weekly
JGAIW,weekly
H0W12,monthly
1JI7E,quarterly
95235,weekly
KKM8N,once
GTP26,once
ZV96V,monthly
S6XAI,monthly
QKZRJ,quarterly
9LSM2,weekly
PEIPP,daily
ODMWI,weekly
85PV8,yearly
RSBL9,once
XVPYJ,daily
BB32H,weekly
UFZAZ,quarterly
YCDVQ,yearly
1INO4,quarterly
P8XBQ,quarterly
ZMPXW,quarterly
GSRE0,monthly
5WMIK,once
PHZLF,monthly
Q5PMM,once
I4C95,daily
WP0ER,daily
XK9JC,daily
0PCLY,once
QHAYZ,monthly
CJEWG,quarterly
6UDBV,daily
KLB1H,yearly
CVFNB,daily
3SRNP,quarterly
605TK,weekly
DHWEN,monthly
NVKZB,monthly
82NM5,weekly
29OXN,quarterly
SQ1WL,once
RKTNQ,daily
4EI5D,once
6LQWN,monthly
WK5B4,weekly
G934X,weekly
CXUCE,quarterly
HGBY7,once
H5JR8,daily
25MF2,once
6LLPY,weekly
VGV4H,daily
6C767,yearly
UO1VL,once
BD483,weekly
24GDB,weekly
S4BH1,monthly
WFSMW,weekly
OVI5Q,yearly
VT5V7,once
XDW6H,yearly
5KTHF,once
23N21,once
V92GO,weekly
KXAEK,quarterly
TKR2V,daily
FCTJ0,once
XP27B,daily
VRECO,weekly
4SLV5,yearly
JB2MI,once
2SFO4,weekly
S1RFB,quarterly
4IHZH,monthly
WAKVV,once
RLZ58,monthly
X6UD1,quarterly
MKGP8,once
27D57,daily
ZZS73,yearly
SI422,once
THU86,weekly
NERRR,yearly
LGFKI,daily
NJP35,quarterly
GDT8G,daily
ZI4TG,quarterly
61A62,once
K56DN,quarterly
DLIFO,yearly
SHUH0,weekly
EMK94,once
7ZGCQ,weekly
5IYPP,once
00T3H,daily
VZ0QH,yearly
43J01,daily
M3AYN,once
7ZVFV,yearly
PSJ46,daily
MPFI7,weekly
FXWMI,weekly
PP7IF,daily
U4WP5,monthly
UWCRS,monthly
3MN61,monthly
AM2V1,quarterly
C4WZ9,once
LNW2F,quarterly
S65EB,quarterly
1W7LL,yearly
U36A1,weekly
4FY20,yearly
J12H6,quarterly
5U3NV,quarterly
KH2QT,daily
L1K5I,quarterly
BBFL8,monthly
S0MN0,quarterly
0Q3SK,monthly
C27C6,weekly
6L8G2,yearly
9S51E,yearly
ACSR4,yearly
JG0SR,yearly
6JEDO,quarterly
OGSHX,yearly
4ZNXK,daily
WFH69,yearly
Y46O9,weekly
NL683,monthly
4A1DK,quarterly
RCCFZ,weekly
IUSJ8,monthly
DYM05,yearly
BM6UL,quarterly
C9OUY,weekly
Q4JFC,once
U79AL,monthly
30CC2,once
H0LBB,once
57VM3,quarterly
QE0QM,monthly
LJDDB,yearly
W651R,quarterly
I7NTD,daily
55ZKN,yearly
L6M5Y,yearly
Y69NJ,quarterly
J8OPP,weekly
MXE8U,quarterly
5QRTB,weekly
7LZX0,once
U8YAD,monthly
1ZK2Z,yearly
NVFFX,monthly
M928Z,monthly
UC3ZX,daily
DCF51,monthly
Z2WUH,yearly
HSI4N,once
4ZBY0,monthly
LHKYS,once
7Q6AR,yearly
N8P04,quarterly
OWKS2,weekly
M38H8,once
F2SIW,daily
U7T5U,daily
SN2MJ,once
Y3T54,monthly
ENDDF,weekly
T5EH5,quarterly
RW5DM,weekly
VR69X,once
9WYAI,yearly
843F4,weekly
WSCTI,daily
QSMQY,yearly
CHKNO,yearly
MYLJQ,monthly
9UNOQ,yearly
W70Q2,daily
2UD2Z,once
TLEDO,daily
S0HCH,yearly
SMK34,monthly
GSEYN,monthly
M5LT8,weekly
WVHHB,daily
BBFPG,monthly
U1Y8F,daily
I5U9C,daily
2I7CM,daily
I3H6T,monthly
YTBJN,monthly
KM61H,monthly
XEDFV,yearly
C4P4B,weekly
Y243I,monthly
4GXJY,monthly
EILES,quarterly
T2NV6,weekly
I021L,once
BWXYU,yearly
6LD2P,yearly
SSAHM,daily
9IWTH,daily
2VY2Y,once
QPTDG,yearly
X3N82,quarterly
3N5AI,once
O7LY0,weekly
TMQ3L,weekly
L684Q,daily
3YVXH,daily
YU4LT,weekly
JYHSY,daily
VW4YX,weekly
YV2JU,weekly
9X132,daily
5UDT3,daily
9BNZR,weekly
7ATM4,quarterly
WH1Q4,quarterly
4BM5K,quarterly
U5N1F,monthly
F1VT3,yearly
936K3,monthly
468AG,yearly
CW6ZS,weekly
SX399,monthly
C14YZ,daily
4KF59,daily
GQDHJ,daily
ITXGX,once
FZF4D,monthly
WR44Y,monthly
FQ94O,monthly
UIG0A,daily
BSHSK,monthly
C4Q3F,monthly
A9TXT,quarterly
UE03R,quarterly
FR30U,daily
UCNLY,monthly
0WE3H,quarterly
AEZ0L,weekly
ONSMD,monthly
WG2TX,daily
OFWFG,yearly
I4L8W,monthly
2ZRVD,once
HJIFX,yearly
6SCTF,daily
K670A,weekly
7ZPZ2,quarterly
4WJUK,monthly
GIFQT,yearly
UCFXW,monthly
Y4XVU,yearly
UK78H,yearly
BCL09,once
2ELSM,weekly
FR1HT,weekly
HP963,once
CFU2F,weekly
VTVGH,monthly
CU4WC,once
E0FR3,monthly
0TX2A,once
0IX6G,once
4931O,once
6CD5D,weekly
TX0MX,yearly
35IM6,monthly
4.00E+80,once
T2KOI,quarterly
N9JTY,monthly
A6C7C,once
HSA79,quarterly
D8X8A,weekly
RVDG3,daily
P3RNI,once
DEJ7Z,daily
7SA4H,quarterly
II66G,quarterly
980KS,once
F5DP1,yearly
TB3P0,quarterly
WSGR0,once
EYQET,yearly
960GI,weekly
WWTSK,quarterly
AC176,quarterly
326UP,quarterly
BG9KW,quarterly
62XYD,once
DH7PU,once
4IOM2,daily
EOJ9R,weekly
GEC5H,quarterly
LMMW3,yearly
YJU4A,daily
Z6JS2,once
IPXUZ,weekly
COOZX,monthly
44CP8,quarterly
CS13I,once
K0I4D,daily
HHK85,once
KD3UG,weekly
KF1M5,yearly
KG8BY,once
8YE6J,yearly
QEBR8,weekly
WMZVI,daily
RCISL,weekly
OOD7L,weekly
NFWVA,monthly
ANLMS,weekly
6XTEZ,weekly
0K401,weekly
VXZMM,daily
QJ1MU,yearly
L8LIF,weekly
PWKHN,once
25FVY,weekly
J2TBE,once
5VDOW,yearly
P7VKU,quarterly
1YH2K,quarterly
K11PO,daily
TGYQR,yearly
J30IQ,weekly
ELFRU,weekly
VEE9Y,daily
YSBR7,monthly
W6KJN,daily
6JY9M,quarterly
U0CDO,daily
VCRVZ,monthly
0CSWD,weekly
BWEEZ,monthly
KEIVV,daily
67OA1,weekly
N1W9V,quarterly
OWKUS,daily
CB4CM,weekly
F75WN,daily
5D6M6,once
Y3C35,quarterly
P92DM,daily
FEOCH,quarterly
GV4DA,once
YJ1J3,yearly
NI5JD,quarterly
8BQ40,daily
6PBFL,weekly
43EP8,yearly
52MDF,monthly
ENNHL,once
9P9LY,quarterly
KH4M7,weekly
FB3E6,once
1LVVP,yearly
2CNO4,daily
RFSC5,once
17CZ1,daily
7BPZG,weekly
YKDHX,yearly
DNYTK,weekly
0G2K3,daily
ZMYA7,yearly
2YYEO,yearly
M8M4K,monthly
5Y7CT,once
5KRPW,daily
0X2JQ,quarterly
CES6J,quarterly
AN2FB,daily
DND5A,yearly
IMK9T,weekly
Z6CMH,monthly
L7WGV,once
AZ5H0,once
LTYJ8,daily
MP2S5,daily
9WL5O,quarterly
HDJLZ,quarterly
9YF14,once
Z7QYG,quarterly
ER3S5,quarterly
0I976,daily
LLYKC,quarterly
ZNW4T,quarterly
MZDEP,quarterly
UDHBP,yearly
DRJWC,monthly
Y2CCN,once
7DRK6,weekly
BTR55,once
IE2EK,quarterly
TORP8,daily
NUGFJ,monthly
3NVQH,daily
WIUJ4,quarterly
8VZCY,quarterly
CURB4,quarterly
BG6J1,weekly
81WFO,yearly
XKLIS,daily
46ACC,quarterly
LVGAV,monthly
4KFPW,monthly
IRAFD,once
SXTWL,weekly
C673U,yearly
MCX38,monthly
2CFL5,quarterly
CHZUB,once
YHYLB,daily
G7GWU,daily
MXDR0,once
ASQX9,weekly
Z4P7G,quarterly
QCO3B,quarterly
ITPUH,quarterly
HQSUJ,once
XDZSB,yearly
C3TFL,monthly
SXKSH,once
DTYAM,daily
JL8XG,quarterly
5ETSX,once
92KZW,once
DNWUU,weekly
3Z1Z7,once
HPTEO,daily
M5DUP,monthly
M19FT,monthly
26RNW,weekly
W609W,once
VD8NS,daily
BJF51,daily
H1B17,daily
Q1MZG,quarterly
W5RTV,once
M29T1,daily
4LHO1,monthly
2QXTB,once
0LK75,quarterly
AYSIX,quarterly
Z2XOJ,quarterly
31N74,once
K82YZ,once
V5ZAJ,monthly
GI1FG,daily
NDM2R,monthly
4UWMF,yearly
3XE2U,quarterly
XO5FK,quarterly
FPWLB,yearly
ZZEBR,weekly
DWJ7E,quarterly
YQD0N,daily
FY4TR,monthly
CXLH3,once
XM1RP,once
KRKLY,weekly
X724U,once
R27AN,weekly
21M2J,daily
JU8DL,quarterly
VPBJE,weekly
FQPDC,quarterly
HKSZO,yearly
N5IUD,quarterly
WY7DF,monthly
5WTDC,once
MN4E1,daily
P1S5D,weekly
22IFN,yearly
B5AGB,quarterly
YLRTE,once
4RNF6,quarterly
7OODQ,monthly
IHDQS,yearly
739DE,yearly
BA2MN,yearly
3UJUI,quarterly
M4XRC,monthly
01VBF,daily
75F48,once
R264S,once
O2G6U,weekly
UH1IX,yearly
0OB7O,once
9GPOW,yearly
UYCHU,yearly
4WF7K,daily
I8XC4,monthly
46ZRU,monthly
B7K9J,monthly
7IRCT,yearly
4AVCC,daily
M99NP,quarterly
SI1LW,daily
UN1OD,once
F90LH,quarterly
AT7UO,quarterly
0TSBW,weekly
ITYI2,yearly
YFO5X,quarterly
2WIBF,weekly
HCI0V,weekly
CUZ40,weekly
NXH2S,daily
NKVD5,yearly
GEOP8,monthly
4ESM3,once
X3UAF,once
99OKS,yearly
3GPKJ,yearly
AZ5JC,weekly
UWRHD,weekly
JBNVT,quarterly
D8LCR,once
U50XY,yearly
P724W,once
COYUL,yearly
VQO3R,monthly
7O1BW,quarterly
EC82Z,weekly
OBR88,daily
MAO7O,weekly
W7UX8,yearly
QAD5U,quarterly
FL3Y1,once
29537,quarterly
ZBM45,yearly
IST2L,quarterly
K2HTL,daily
COQ4C,once
RCFQC,monthly
1NR0D,quarterly
ODYC4,quarterly
12J7N,once
36ZXS,monthly
NZQJ8,weekly
GL7DP,daily
0YP0I,weekly
YIS7U,yearly
BZR4R,yearly
24EC4,weekly
YQOHG,monthly
W5AES,quarterly
JUHND,monthly
RBA28,daily
NV1QH,yearly
0RPLE,weekly
3T1HX,weekly
4WGJT,weekly
9PIKP,yearly
12DUE,quarterly
6UY6K,daily
19TFD,once
8DWD2,weekly
E40A3,quarterly
77JTI,yearly
FNWLN,yearly
DZSJA,weekly
JQGPK,once
TZ39G,weekly
TCCO0,daily
2UDEV,daily
23SOX,daily
WU6BJ,once
GH229,yearly
A1G5C,weekly
J3379,daily
81W2W,daily
3UPRC,weekly
1FKP1,yearly
LHZ8M,weekly
CJEET,monthly
TASKW,weekly
6FJTO,quarterly
0GU10,monthly
LFZOJ,yearly
EI0PY,yearly
SHJI2,monthly
PFFBX,yearly
Q4VDG,quarterly
RQKFX,once
PQD4H,once
DM7OH,quarterly
S66RY,quarterly
HO263,weekly
6U8WI,monthly
IHCH2,daily
94T04,once
CITLD,monthly
5W796,quarterly
CF73Z,yearly
UE9F7,monthly
MUYKW,monthly
T05UK,weekly
VBBXR,yearly
ALSPX,daily
O38J9,daily
ADNW1,daily
QN61L,quarterly
93M9J,daily
DTAPI,once
YUBOV,once
EDZ7U,weekly
YBL4F,yearly
VZ1O5,yearly
87S4N,yearly
R0ZP5,yearly
TN27Y,once
EF738,yearly
ZP3UL,weekly
GVYOF,weekly
FQEQA,quarterly
XWB18,daily
X549M,once
M0067,monthly
LUQL2,monthly
K3BYO,weekly
JQADS,yearly
V1GVA,daily
610KF,yearly
7JB09,quarterly
IA909,once
F29A2,daily
YG9DT,quarterly
Q2GT2,weekly
D86Q5,once
D0NXW,quarterly
9E16J,quarterly
JJ4Y8,monthly
CSX6H,weekly
JNBCD,once
WISA6,yearly
FNSBE,daily
WD5M0,daily
J3CX2,daily
DBWD5,monthly
K45B6,daily
U26HZ,quarterly
NV9W6,monthly
U9C2Y,once
WULRT,monthly
WCCYD,daily
1HLUE,daily
C8HBI,weekly
UW1T6,daily
BOMRW,monthly
GIBAA,yearly
ERILV,weekly
GE3BG,quarterly
OQYQ8,quarterly
6162C,yearly
24O84,yearly
G7EAL,monthly
MBI9X,once
RQQLS,monthly
4GAH7,daily
FA9EY,yearly
MDQWD,monthly
L33M5,yearly
7XBG5,monthly
66QH8,quarterly
I5RIG,monthly
QOJNN,monthly
NWBI7,weekly
G0PB0,monthly
D9FIH,yearly
W7RZ1,monthly
XK15G,yearly
YHBN5,weekly
822RK,monthly
4N9FJ,once
PPWLF,weekly
RNA89,quarterly
IMNXM,weekly
L433T,monthly
UV5H5,weekly
OSGSP,quarterly
9HIH1,weekly
2VQV8,weekly
U4FL7,quarterly
7Z0U1,weekly
XLCIU,daily
B0ZGN,yearly
LGNHM,monthly
GO6WC,quarterly
230XF,weekly
R2451,monthly
IT11P,once
AHNP8,daily
9GWO5,weekly
3PO4Q,daily
IV9HI,once
BRC6O,monthly
K80NL,yearly
EFZ7K,once
VF599,once
3QKNG,monthly
401A8,once
D4UG4,yearly
PJE35,yearly
1DKKP,weekly
5Q23B,monthly
VGWCE,yearly
O7OXI,quarterly
67OSN,daily
86XF2,daily
T3EAG,once
NCCB8,monthly
U4G8R,weekly
E8LHO,quarterly
2D25T,weekly
1L4VF,monthly
W8CWL,weekly
T6JD9,once
3HN44,quarterly
JGRUB,weekly
79JEY,weekly
URREL,yearly
6XP1W,once
CCGMS,daily
7PDFD,weekly
4KBAD,monthly
MK4VR,quarterly
FZ1EH,daily
WSRN1,yearly
21N2P,monthly
TLXLL,daily
ZHZP5,daily
H6Q9V,once
VJT80,quarterly
ISAQS,quarterly
MZ0U0,once
ZUKPT,monthly
ONXIY,quarterly
ZO9F4,quarterly
LE2OY,once
79BEM,yearly
K7GOF,monthly
FYOUK,weekly
PK67F,yearly
QV81R,monthly
XTUQM,once
QZHGG,once
IKVLO,quarterly
86MIP,weekly
ORIBA,weekly
DDY25,yearly
4W0Z5,yearly
CEATT,quarterly
2XDVJ,weekly
WQZ1C,once
C8AZJ,quarterly
BYFBW,once
RKH4K,once
IFFX8,once
JPMCQ,quarterly
FJ37V,monthly
M4FHX,yearly
H2LM0,quarterly
YUITH,monthly
9PI3R,once
PISR4,daily
KER2J,daily
3NUCI,daily
CEEG6,daily
LLBGF,quarterly
MD2FG,weekly
4E2WD,yearly
56ILC,once
V5BD4,daily
CM93S,weekly
LTJXN,quarterly
L6QOY,yearly
LZUVV,monthly
PBMEC,weekly
2P0XK,daily
40CRU,daily
32HP7,daily
M1GV3,daily
E5OW6,once
ASY85,daily
QBBVA,daily
CGBDA,weekly
4ROWG,once
WZXRL,yearly
42DK0,monthly
8HNRI,yearly
BUQ2U,monthly
8DYBL,daily
4KY37,quarterly
8GYGH,quarterly
2G64D,monthly
6G13P,monthly
K6MZV,quarterly
10XCF,once
WD7WA,monthly
9MU6D,weekly
VC807,quarterly
Z6IGT,quarterly
OIUOU,once
QP1OR,weekly
L0M35,once
7XOHD,once
1O4BK,weekly
FI3TC,quarterly
MX2N2,quarterly
8GJ42,daily
CHENB,once
1QR32,monthly
HQ5LV,weekly
FDXXW,quarterly
6SNI3,weekly
1DDOW,weekly
5YYXZ,quarterly
B6DYH,yearly
W6XKK,daily
OG3A9,weekly
G9M7N,yearly
GB9XY,yearly
3F9TL,daily
18US8,yearly
WIDGV,once
NBGBF,quarterly
QXKF4,weekly
9I9Y8,once
UVASP,weekly
PWCN0,monthly
KHSR8,once
OZLZC,daily
P72TY,quarterly
B6L45,daily
KT4D3,once
LK95G,yearly
LCB44,weekly
63AUE,weekly
EF2TJ,weekly
90EZB,once
UK41O,quarterly
P0CFL,daily
J5MRI,monthly
6HOEF,monthly
3SQQT,once
2VTQL,weekly
SY32T,yearly
OU5M9,weekly
MT1TQ,quarterly
1CH4I,yearly
RY6J0,daily
558BG,monthly
M7N7R,quarterly
GC2P4,weekly
C8HVS,once
ZICO6,monthly
QX44T,yearly
WS7T8,yearly
XIYZT,quarterly
Y3FSM,monthly
9P4G0,quarterly
MQ11R,daily
A4LXU,quarterly
6F01V,once
7U5OD,yearly
8XBYU,quarterly
8MN3F,daily
U6SD3,monthly
IDY2Q,once
TL4CO,quarterly
90JBX,yearly
GPZPY,yearly
63K71,monthly
N8UZU,monthly
LA3AJ,daily
R2CX0,yearly
BR9EJ,once
TNHU5,daily
WIUUS,quarterly
A54F6,monthly
3ZYZ5,weekly
JO2XX,quarterly
4PDTJ,once
H7VEG,monthly
7F1AM,monthly
UT94P,weekly
GJOBZ,daily
UIH1U,once
EE0MW,quarterly
BLMXI,monthly
1OH78,yearly
GJD91,once
5I05C,quarterly
7FDOI,yearly
LPWYE,monthly
XLEZP,yearly
4I23E,daily
Y8UQE,monthly
7ALKJ,yearly
M7KH6,monthly
UVJB2,monthly
E5QJJ,yearly
CDRUO,yearly
DBOWD,once
OJI4X,weekly
HZSIJ,weekly
9BECT,monthly
3H2WT,once
E2IHG,quarterly
E89NI,monthly
TYQPS,quarterly
MOLLY,quarterly
5EAR8,weekly
3X640,quarterly
OXE8Y,daily
WP531,once
M1AN8,yearly
YY98L,weekly
V7D1O,once
ZP1B8,quarterly
AYB53,monthly
8ZMGH,weekly
OV15X,daily
F3BJG,once
LZVVL,yearly
APLXH,yearly
2GAUK,yearly
W6J8P,quarterly
VW1NZ,yearly
WC6R4,weekly
EXQ8Z,monthly
TC5HX,yearly
Z2N7M,daily
T9NS6,quarterly
66709,quarterly
4MZY5,weekly
76NUJ,quarterly
R912K,quarterly
9KFP9,yearly
QMQLR,quarterly
DNJUD,weekly
HGTUB,monthly
NLVHM,weekly
OQ4HC,daily
LIA4Z,once
XZR7B,monthly
0TTD5,quarterly
A34BI,weekly
E9EGB,once
SKZZR,quarterly
9Z764,once
88OL6,monthly
5LALI,daily
WC7EB,daily
9U7W6,monthly
SZ48S,yearly
1Z6JT,monthly
2KUYX,monthly
574PC,yearly
JGZMO,quarterly
MLQYB,yearly
HYNXJ,yearly
VA0SZ,monthly
9AND1,daily
HHFOZ,quarterly
9MQHE,quarterly
BC2CS,weekly
ONLQO,yearly
P5NTJ,once
M9NSY,daily
KQ9T5,quarterly
V853U,once
VUGCZ,once
S4FW7,monthly
AQ1YA,monthly
9JEC1,weekly
BEY1S,weekly
C8XP2,daily
BQD98,monthly
99XNC,daily
TPYEB,monthly
G8JYV,once
SEGT4,quarterly
P0FQ6,quarterly
YJL65,daily
ZULKZ,yearly
SJYER,quarterly
ZSZJ0,weekly
CT3B5,daily
G0CYF,weekly
F9NNV,weekly
38Y9J,once
SMIJI,quarterly
EDAEF,yearly
XWJ9L,yearly
PEPLL,weekly
QYHTA,daily
C3NV8,once
K3HA8,monthly
LQA5A,daily
AA20N,quarterly
XII4V,quarterly
07W0X,once
QYEGT,weekly
OV483,quarterly
KCX5H,once
7PGKB,weekly
C0YJ7,once
168WM,quarterly
53LLM,once
QB6QP,once
9CR7S,daily
IV5AL,monthly
WPQ2D,weekly
JRI1D,weekly
7C3FT,monthly
SUEOU,monthly
FTC2V,daily
D9WDR,daily
QVZQO,weekly
LPMRZ,weekly
3GV4L,monthly
RMQBB,monthly
WK598,yearly
FZHDP,weekly
5KAXM,once
23BWA,weekly
BNV1R,monthly
IBI9H,monthly
TKKOY,quarterly
N7O1B,once
R8YHL,daily
V731T,weekly
2PAL6,weekly
SS0IS,daily
AONGF,once
X920E,daily
SENDJ,once
1OV12,weekly
PDHIF,yearly
M1K8J,weekly
8S0GN,weekly
6C3MD,yearly
7GBLS,quarterly
6FE1E,quarterly
K5CQA,quarterly
RP0YW,weekly
F5I36,once
OWLD8,yearly
WHAWF,once
VRRVA,quarterly
A1793,daily
I3Y2H,monthly
8.30E+19,weekly
2C9US,yearly
RGIVR,once
VDE3L,yearly
VPDWK,weekly
HROYI,monthly
13Z85,weekly
6DQML,weekly
HVM9G,once
327KM,once
T2M6Q,yearly
842A3,once
B5PEW,daily
D9NBT,yearly
OF6KX,once
4Q5KV,monthly
99N5H,daily
EPO04,monthly
ZBRKF,monthly
518WM,daily
VR5PD,monthly
GULUK,quarterly
GZ0EV,weekly
Y2KGG,weekly
AUR0N,yearly
YZVS6,once
IB5FB,yearly
HGMWD,weekly
WAVMQ,quarterly
HGT1F,quarterly
YJ2HT,daily
1GOUV,monthly
FSBC0,monthly
QXUFV,monthly
PTWJY,weekly
WIY7Q,daily
R3DGE,yearly
KSGE2,daily
S4XMS,quarterly
9P0NA,daily
WWLPO,yearly
SM7DO,quarterly
LD6L4,yearly
QURSH,weekly
E9TOC,daily
ORHRR,monthly
K4AK3,monthly
XUK78,yearly
ZJ0UH,weekly
CL3K2,yearly
G4RVY,monthly
67D3L,daily
TZ6FN,daily
LXSA8,monthly
JV16S,weekly
P9UR8,yearly
MVEXE,monthly
F3WL1,once
M9RBV,once
DUF6K,quarterly
XICS4,monthly
DHXT8,weekly
Q9SHG,yearly
QSS2X,quarterly
ZT1S1,daily
OXUKB,daily
5S22C,quarterly
E2DR2,monthly
49ZYJ,weekly
M7POV,daily
MVX6K,once
EV1F3,daily
VM7WW,once
2XWI9,once
9UYJN,weekly
6MTJ9,yearly
UJC9B,daily
C3UOQ,once
WDFYE,once
3U4UW,weekly
UNKEK,once
JO2LS,once
3FZJQ,daily
W1027,daily
A7YVL,monthly
U0IK1,once
2A0DQ,weekly
YCE2Z,weekly
FGQDK,yearly
7PHA0,yearly
KCFRG,weekly
MFXFN,monthly
BYT8S,once
SLOVO,once
VF5GB,weekly
2GXF9,monthly
Q1AA6,quarterly
PI8QJ,yearly
6JZMO,daily
LSP9N,weekly
IHHDW,monthly
8JLCH,weekly
YZ6S4,once
LSYV9,quarterly
H9110,monthly
Z95QI,yearly
Z8ARP,daily
T8QOI,monthly
OOIFY,weekly
XG4KB,quarterly
ZGG2B,monthly
0I4DM,once
4FS7I,monthly
8ZJ55,daily
BR071,quarterly
B36PA,monthly
VPE2I,monthly
J7Y87,quarterly
R9TLZ,quarterly
ISXVE,weekly
CZOBG,yearly
W6ZIJ,quarterly
F6BXN,quarterly
KQ51N,once
673SB,daily
OH4VG,quarterly
HJVGW,daily
ET0Q8,monthly
KHDNV,weekly
QLJFT,daily
R9OYW,quarterly
W31RE,quarterly
Z8UF9,yearly
T9PYN,quarterly
8GS7P,daily
NYA08,once
Y8T6X,daily
U7NUT,weekly
Y0KF1,quarterly
L0XTQ,weekly
3WA1Z,yearly
ZWY64,quarterly
3B3ZI,daily
4Y2P0,once
UPE1Y,daily
ABCAG,daily
YNWKP,yearly
7UZEX,once
4B1IT,once
I8RSU,daily
TKG2X,daily
N48HZ,daily
9EH4E,monthly
U1MPE,quarterly
T2B88,once
NQRUI,yearly
NN99C,yearly
91QWU,quarterly
VQJ4W,weekly
FAPD7,weekly
VIQ7M,daily
3X6LA,weekly
BPDMJ,daily
HNTRA,once
JMV3R,quarterly
0LK9J,once
VL951,yearly
ZCD8O,monthly
C802K,once
ETSBL,yearly
XTT8H,monthly
QLZVW,yearly
WN1R6,daily
OWOR7,quarterly
I1PDY,quarterly
AWZRZ,weekly
QUN7X,yearly
HT61B,daily
CS6OM,monthly
QO8TL,yearly
MMLE3,monthly
NMCS5,once
TVIK2,once
GOMSF,yearly
8BMY4,daily
X3LHT,weekly
NOMII,once
Z85FL,daily
JFKKZ,quarterly
CI9IY,daily
ZS4W0,once
JY4FT,once
ZEQVK,once
VKT7O,daily
E0008,daily
1XH12,weekly
4CZLC,monthly
ZCNJT,monthly
T30XR,quarterly
MW9WK,daily
L6Y82,daily
FF9UY,yearly
HTCXX,once
N16MT,quarterly
93LFT,quarterly
FS21H,daily
1ST10,yearly
BWNP9,weekly
CZ9NP,yearly
YRXZE,weekly
3MFED,once
Z6D71,monthly
1KSK9,weekly
7GDY3,once
1GR3D,daily
QZD4N,quarterly
4YH6I,daily
5RIL6,weekly
XUPWS,daily
XEL1N,yearly
D3QEY,daily
MQ6D2,monthly
Q8A48,yearly
L9P3N,monthly
K7LD6,once
V4VEP,yearly
RVBZ9,yearly
AATWP,once
8MQ4Y,monthly
TL0NY,quarterly
JGE5I,once
F5Q0E,quarterly
BSIDP,yearly
7J8XY,yearly
2NI49,monthly
5L8TN,yearly
55R6G,weekly
FD6RD,quarterly
ODWV9,yearly
8VEJV,daily
NA1DC,quarterly
EJ537,once
2XMIX,quarterly
SVHQ9,weekly
FNFQ2,once
VLUQR,monthly
N25NF,weekly
UZFET,once
M71NZ,monthly
QNSC4,monthly
9T3CA,yearly
I03YC,weekly
R6JKG,yearly
MBEW1,once
H23WH,monthly
BCBYO,quarterly
1ND3Q,daily
NAIHX,weekly
N9B9M,monthly
I3VNN,daily
C27CW,monthly
OII16,yearly
1D80K,quarterly
SF1B4,yearly
YZ31A,yearly
VAPZV,quarterly
6TI88,monthly
DRJHJ,daily
UJPDH,daily
5R6BR,quarterly
EJCNK,monthly
U5A9K,monthly
GJM6C,weekly
QKCEF,once
0YLHB,monthly
X7VPU,daily
0CVFM,weekly
80L7A,yearly
3BE5H,monthly
ZXVA5,monthly
Z965A,weekly
K0ZJS,weekly
NA6UB,quarterly
APZ6T,monthly
JU8WW,weekly
53UTA,weekly
DB18L,once
CKSJB,once
OO7AU,once
LPHJT,quarterly
KN7Y0,daily
8YT6D,weekly
4MGMW,quarterly
OB3ME,quarterly
K94V1,daily
3QC9E,weekly
CXRW8,once
1EH6Y,daily
PYM3T,daily
NUUZE,yearly
9BL8X,once
Q6MD7,daily
WRBTR,yearly
JKWP6,daily
K5764,weekly
X9EWO,once
W476F,yearly
KPQIW,quarterly
22V1Z,once
KVGQU,quarterly
LDM6O,yearly
RFAI5,weekly
CWHEN,quarterly
A9A0M,quarterly
XJ11G,monthly
OV00P,quarterly
XDQX8,yearly
IDGSO,daily
MK038,yearly
MLRRY,once
JXSW9,quarterly
GSCX5,weekly
M1HKK,once
HYMQO,monthly
MKWMK,quarterly
AUEJG,monthly
ZXWEN,yearly
PCJ9R,once
3WLA0,daily
E6NMP,quarterly
4PEW5,yearly
0WZ23,monthly
JDH5Z,monthly
VLPM4,yearly
SAP32,monthly
F3GZL,monthly
HJLBR,monthly
NMSJA,yearly
HOO5C,once
QOYAI,weekly
L8I6F,yearly
8DFT7,daily
MYKNI,weekly
GK1CA,daily
90LCO,monthly
9GUPR,once
FXE7Z,weekly
JS3TE,quarterly
T3JLQ,monthly
6XAGM,yearly
KXXD5,monthly
B4WGO,quarterly
E86FY,monthly
P1XJK,yearly
RKS04,weekly
09T7J,daily
PBZL5,quarterly
0VVQH,monthly
8C6Q8,once
ZQNEM,daily
3AHA8,once
JAPVF,quarterly
Q1HVC,monthly
LQGG6,weekly
NIT83,quarterly
ZZ1Y8,yearly
JKHBF,yearly
42JI4,weekly
VVFC5,daily
UH2XI,once
RB5IA,weekly
DR5HM,daily
ML5X1,yearly
GH8P1,yearly
ZK8Q4,daily
GZEHZ,daily
C4EE5,weekly
GUQ28,yearly
WHBXA,once
9JTUO,quarterly
5A8BD,quarterly
7ZFBI,daily
EUDZ5,yearly
JUALB,daily
XCE4B,once
AK80A,daily
JKTCO,once
C2YDP,yearly
G0CC5,once
DJYQJ,yearly
YZF44,monthly
PFA1M,quarterly
RJIT6,daily
VCNPI,quarterly
3LA1T,yearly
1UU1K,once
HMH9V,once
KZZIF,yearly
91PWF,once
W2JZA,quarterly
1DUJR,daily
HLJIH,weekly
9B0Y0,yearly
CZHSN,yearly
TO2MS,once
8GCEL,quarterly
9YUQZ,monthly
DPOVW,daily
XF6E5,daily
PRKTP,yearly
XWDWZ,once
7EQKM,quarterly
2CI85,weekly
VSA5H,yearly
NSJXS,daily
N29RZ,once
TI3KQ,weekly
YZUZ7,daily
Q9VYQ,daily
6Q4YW,yearly
IJQDX,once
XANZT,weekly
3XND7,quarterly
RB31R,monthly
3VUOS,once
GZWMJ,monthly
IAOHR,monthly
KF93G,weekly
3XDCZ,once
SSQK7,weekly
KSKDJ,quarterly
WUVOC,quarterly
RS48W,yearly
F8X3C,quarterly
TB7MV,monthly
H1FKJ,daily
QRH80,once
2UP7F,quarterly
WDR29,weekly
GC0S9,yearly
3RM9X,yearly
HAPHF,quarterly
9C4UJ,yearly
Q6Y4M,weekly
5LAEH,yearly
16S7Q,once
QYOMW,quarterly
RMWYN,yearly
RAQJW,once
1ZMQH,monthly
F71V4,quarterly
JZSOO,once
QZ6DU,weekly
HO3J6,yearly
XR6OU,yearly
MXK15,quarterly
0TZUP,daily
AB3ZW,daily
H1SGN,once
X8A27,yearly
D6LBB,weekly
A5U1U,quarterly
HA1DL,weekly
R6JHO,daily
E1UZR,once
G0KA5,quarterly
VO5S5,daily
VYD6H,once
BKH3U,daily
DDSEL,monthly
LWQSL,weekly
3HDW5,weekly
8MWF5,monthly
F8A4T,once
63J70,yearly
TN5L5,monthly
YDAJ2,daily
91MJB,weekly
X8P3Q,quarterly
NTA37,yearly
FQRK2,daily
4TG4N,yearly
S8YWF,monthly
N6A3E,weekly
ZOXPM,yearly
L0AT8,monthly
8ZMVM,quarterly
P0A56,weekly
SOZZM,quarterly
NGXUK,monthly
CCTUH,monthly
K59CY,quarterly
5RUIP,weekly
PL96O,daily
C0SBB,quarterly
IFEOM,quarterly
JG1NJ,monthly
HS82Q,quarterly
OPIE7,once
DAO8S,yearly
Y908W,once
8EEJQ,daily
J8EJB,once
AOXCU,daily
OZFBU,yearly
MFJHF,weekly
RP7Q0,monthly
6V20F,monthly
0DVG0,daily
VXHPA,daily
5WNW3,weekly
ZQ0FJ,monthly
N6693,once
1U2JO,daily
2TXXU,yearly
WVXME,once
F8E5O,once
ZYDUA,monthly
EFFTX,weekly
Q8J30,monthly
HGIBE,once
H8HT2,daily
ZACZ0,weekly
1LO1L,monthly
QF71F,monthly
TYOX3,weekly
AHHDP,monthly
QD9K4,weekly
UT4ZU,quarterly
Z7F7E,yearly
E51JK,weekly
0XD2Y,quarterly
XCCVY,daily
8G4BO,once
4WRIQ,monthly
27SZF,monthly
U5MNX,daily
X4BIW,daily
FE2C3,yearly
EZ27Z,quarterly
KA4W8,yearly
GRKEY,once
OF770,once
JGBOE,daily
HDX5Q,daily
O3H9Y,daily
IHJ5N,daily
WKD7L,yearly
1QQGZ,once
WBP3Z,quarterly
GCVT7,daily
9EQ7O,once
0K9GV,yearly
2IZGX,weekly
32SYU,quarterly
ZR0QS,once
CLEV4,once
FY7W9,quarterly
AQDIG,monthly
TISVQ,yearly
RVKZR,monthly
WJVR2,daily
QS5K3,quarterly
4CXAF,yearly
DE63D,once
F04C1,once
5W9NE,once
ZH4NE,monthly
J8KY9,monthly
72W1H,once
7SX7C,weekly
FLLW8,quarterly
Q7ODO,weekly
560SJ,once
6Y48S,weekly
BSU9A,once
TLC18,monthly
G6XY1,weekly
0SVYG,once
6JUPN,weekly
ZRK4J,daily
60MZH,yearly
JC2RH,weekly
7H20X,monthly
AIHQB,weekly
PW2RH,daily
8.29E+03,once
UY2H9,daily
24YXC,monthly
UFN5R,once
9D9OM,once
JCKHV,monthly
2Z7MZ,daily
I61YT,monthly
CFSGT,monthly
7SJYU,weekly
8K9HK,weekly
U6PUD,yearly
MYKEL,monthly
AWYZK,yearly
DWKJO,daily
SI8T4,weekly
HHB3N,yearly
EZ3PA,weekly
RLD53,weekly
1EQBX,quarterly
8EW22,daily
H5Y1H,daily
G0FYV,yearly
P1BYZ,monthly
YV5C6,yearly
YBIX4,monthly
9HWL5,monthly
97LJB,weekly
5DCIE,once
Q07AX,monthly
6QZC0,yearly
K3JNL,weekly
JL42X,once
O69AH,daily
WMI3Q,once
SWLD6,monthly
70FWE,yearly
2ROL1,daily
JPFYX,quarterly
LZQ5P,daily
PWXON,weekly
OEJ9K,daily
3BLOR,daily
3ZCRU,monthly
AOAOL,quarterly
HK6U7,yearly
7BA4Q,yearly
HPJNS,daily
NUYPM,yearly
6DVFI,yearly
4A5FX,monthly
52PI5,monthly
43SSH,yearly
H3OHT,once
HJG8R,weekly
R28ZV,monthly
5OTOB,quarterly
A3PDV,weekly
OIAWH,weekly
FLNH7,monthly
GUNDS,monthly
GGA5I,yearly
0XUF9,weekly
HU55F,quarterly
41RCB,yearly
J593Y,daily
KVYZZ,weekly
ZIWAI,once
NFLPZ,daily
QPZG2,daily
GYBWK,weekly
2V90W,monthly
BE8X1,monthly
9KF13,quarterly
XWFIG,weekly
ERFBY,yearly
UD7JL,daily
QIDO5,once
9TLDA,weekly
O3W1W,quarterly
OFTJE,once
0XPNJ,weekly
WEE6F,monthly
3TYM3,daily
5S509,monthly
EJL0E,weekly
2KE00,monthly
4ET5N,daily
ME1FX,once
0WHE1,quarterly
ZO0DX,once
LTVW9,once
A27OA,daily
62QBI,quarterly
TSXF4,daily
D5XEQ,daily
5PYO4,once
BKET7,daily
INJX1,weekly
0832A,monthly
NXHWI,once
6DT47,once
GRMIA,quarterly
81JV6,monthly
7DMQ8,yearly
L6R4I,monthly
969KG,yearly
I7KWS,quarterly
PG9FL,once
BLQVY,monthly
MZZJW,yearly
VWR79,yearly
9WXNE,once
I4C8A,once
ITD71,monthly
55BUX,once
OX9LK,daily
ZBW6V,weekly
2P8EP,daily
HV7MT,daily
P0370,once
IJDKA,daily
K8TDW,monthly
GNMYE,daily
S2IYC,quarterly
3IH4S,quarterly
2XRPT,monthly
1NZM3,weekly
39439,monthly
XG8FW,yearly
CGSY8,yearly
35P8T,yearly
OF17O,weekly
QRSB2,daily
TMQ3V,monthly
XT5EE,once
DOJW6,once
HU4QB,daily
S2WK2,weekly
HKOCU,quarterly
GHLKL,quarterly
M8DOT,daily
GP02D,yearly
HFI94,yearly
Z6AUR,yearly
712LM,weekly
X3IZF,yearly
LV5ZJ,daily
R7U1D,once
2MRIF,monthly
008B5,monthly
RYRLP,weekly
6CF97,quarterly
W3PVO,monthly
6DQJD,monthly
3IG9B,daily
WI4QM,quarterly
ZVVTC,quarterly
BJOXQ,once
7U0KB,yearly
CGX4X,weekly
3NNRH,weekly
4VT8G,monthly
T195X,once
H0VM1,weekly
D4ZKG,quarterly
D8IAQ,monthly
9ROCB,monthly
R7RDM,quarterly
B94JZ,weekly
YK8MD,once
KZYKC,once
JDHSH,monthly
H4OPW,weekly
3HZ88,daily
NCALG,weekly
8CR0C,once
3KH7P,yearly
8HUAC,daily
BY7WN,yearly
SSHQO,quarterly
W7N9V,monthly
V65OH,once
AEW7U,quarterly
6PG6C,daily
QDQE7,monthly
AAWVB,monthly
YZFWK,quarterly
VR3HR,yearly
CPTE4,once
C0992,yearly
CGHL7,once
ONCSH,monthly
W2GIF,once
W26X9,once
7RU48,weekly
QUFD9,yearly
X4OV8,once
2XH56,weekly
36FY3,once
IBQ2U,yearly
P80WO,once
NHEVF,daily
6XVMB,yearly
3KOOO,daily
N6GSQ,daily
S96QH,weekly
KEKGV,daily
NOH1U,monthly
S5S1R,once
KLILD,quarterly
LRWEK,daily
MA64O,monthly
84MTD,quarterly
UJR6J,monthly
AQ8ZK,daily
ZYHQK,weekly
EZ405,quarterly
ZQKJ3,daily
G07NE,yearly
5Q5WI,quarterly
AFRQ9,yearly
STEUB,once
5BPQ3,once
16FEH,yearly
AN6QI,yearly
C2IKT,yearly
MJOCP,quarterly
RK5M7,daily
D5JXM,yearly
AXVVV,yearly
RYVTO,monthly
35ZZ1,daily
N58A1,monthly
UOZZ0,daily
YJOVW,quarterly
SE9BS,once
8NA6F,quarterly
5WT6O,monthly
I6L3Z,monthly
0WXW7,weekly
5GE28,weekly
9N9TR,once
B5T0Y,yearly
IDBJQ,weekly
H222F,monthly
3RBDJ,daily
2LVHD,weekly
XGZ7O,daily
9FZEV,monthly
EVVBQ,quarterly
3RAPJ,quarterly
QVMBI,quarterly
I4PEW,quarterly
XZ2KF,monthly
4WM8Y,daily
V4JE2,daily
3RE2I,once
OXR58,yearly
4S16J,weekly
4MUEY,weekly
3VPUT,monthly
NH05J,quarterly
25CUM,weekly
QEVFO,monthly
0BUHX,weekly
2HWVU,monthly
S0309,daily
WABUV,once
PDYWN,weekly
49ZT0,quarterly
0YAM8,daily
FHOIY,yearly
C6W4H,daily
DKP2J,once
B26BL,daily
Y5PT1,monthly
VRLER,daily
JTZIV,once
X39UN,quarterly
R3VI7,daily
FD7D5,monthly
9S66G,once
TQN7G,daily
L8S3F,weekly
RM29I,monthly
PZ6AM,yearly
WOB08,quarterly
DF2W8,once
N3WOD,daily
L399R,weekly
KCQ1C,once
1VMHF,daily
IG4B3,daily
BQT8U,daily
MB7GL,monthly
0U2CX,monthly
5ZOKU,once
PWAEF,daily
CMS7M,yearly
J5I30,once
SB6QJ,quarterly
A0NY8,weekly
5GISC,quarterly
GTT06,daily
YAEMM,once
GQF1T,yearly
FMIH8,yearly
0BMA1,daily
43LX4,monthly
2GZNR,monthly
P7PZG,monthly
CGLWU,monthly
92M39,once
YV4D4,quarterly
4JJ3X,daily
V4AWC,once
CEKOZ,quarterly
1VSMH,daily
OOQ1N,yearly
RB073,quarterly
W5F96,quarterly
HG8A8,once
YFWD5,monthly
BGMPM,yearly
3PDJT,daily
LZEA4,quarterly
3DMYH,quarterly
DUBDY,daily
NYG9R,daily
171GB,yearly
EQIA6,weekly
ZXCTN,weekly
HNN6M,once
MOINX,monthly
RYEJM,monthly
KKOKG,once
S6HIY,monthly
J1NA7,weekly
ZW9DN,monthly
HN5J4,once
OSXW6,yearly
0XX0X,daily
KZ2IL,once
E3G2K,weekly
Z7J42,monthly
HNAW5,quarterly
7ZN38,daily
MNOIC,weekly
3R1PU,once
ZEJ0P,daily
HN90E,daily
BAVY0,yearly
DMA06,once
I0H46,yearly
4LCAQ,yearly
EYVQW,quarterly
N95M7,weekly
C69AK,yearly
4AONS,weekly
U56CI,monthly
6JJ1P,once
AKTBM,yearly
M3EA8,quarterly
AV6BW,yearly
UOK1I,daily
OW1TO,daily
UQPBM,once
1VQUS,weekly
1KPIU,yearly
LJJLK,weekly
5NE9G,once
DIR1I,quarterly
CZAMZ,yearly
6QQG1,daily
XNZH0,once
V92ZB,once
2O2YS,weekly
X7YUX,once
ZK1TA,quarterly
4P8H4,weekly
0WHMO,weekly
7JRFX,monthly
GI18W,quarterly
2PIHR,yearly
M1Q54,daily
WQG5T,weekly
TMJ51,daily
O0J1J,yearly
KHLLE,yearly
DS4GZ,yearly
2BW6C,monthly
4JPGT,yearly
9DM3N,weekly
MYA06,quarterly
R7ODX,quarterly
WG4VT,daily
34H2Q,daily
897MX,once
R3X8A,once
W1G69,daily
LNNVZ,yearly
LX3RZ,daily
RV2Y3,once
W6ST3,once
UIUA5,quarterly
KY2MI,weekly
CSHIL,yearly
MEX0A,weekly
KV1DG,once
CEOIC,yearly
NOF67,daily
BZEEI,daily
RBHRC,monthly
3I9TW,quarterly
NBW4Z,quarterly
NL2WY,quarterly
FLXDL,weekly
861DH,once
DJWB5,yearly
P8WKJ,weekly
YC3WI,daily
DJZB0,once
0GJJA,daily
4UG2X,daily
W1RWZ,quarterly
1DC0F,weekly
NUM06,weekly
JO2SX,daily
1J5N2,quarterly
PB6XJ,once
H1PCR,yearly
Y0ROQ,yearly
14DK7,daily
60OAD,weekly
68EAC,once
ODN0B,daily
UPJQ9,once
F85NS,yearly
IIOQ5,quarterly
IRFRO,once
OL3U2,once
I0PB5,yearly
GG5P7,monthly
8YMTG,quarterly
UMV0I,weekly
F92IG,yearly
U43QW,yearly
VOYBV,quarterly
11LSZ,once
CRV3E,once
GEEHM,yearly
IWL5O,monthly
AN3TZ,monthly
VI9XK,daily
RMHWY,weekly
8OTA0,monthly
GR5XS,once
OPKGH,yearly
Q6VOV,monthly
B8HUB,yearly
GC9F1,quarterly
ASGVF,quarterly
L9DQX,weekly
DY2YC,once
PAXXV,quarterly
OZ551,once
B3U4W,monthly
FGIRP,yearly
XVQ6O,daily
VB9YG,weekly
QM9C9,quarterly
JYL09,daily
NT5YH,weekly
EBQJ2,quarterly
DDOZQ,daily
SXRAI,daily
MWXAT,yearly
4TYA8,quarterly
5YR3V,daily
UY5PB,daily
T2RM6,once
0L3NQ,weekly
5YRO9,daily
Y9WG6,monthly
V08TN,yearly
H0V6O,quarterly
LEQ1T,monthly
QIFHM,daily
C8UMU,yearly
QTEEF,quarterly
E0MLN,quarterly
4TGBC,monthly
8LXVO,quarterly
VNPK2,quarterly
T8P6V,quarterly
28YTO,once
1YSU4,monthly
UVS1V,monthly
KTNC9,daily
HHDHJ,once
OKA2Q,weekly
G0ZMH,once
4FC31,yearly
VKP4Z,yearly
NZ49B,yearly
P69K3,yearly
LRPFG,weekly
IF7GO,once
CSM5I,once
858FQ,daily
4FUOQ,daily
X6CNK,quarterly
VU80J,once
SADP6,monthly
E5V7Z,yearly
7HNYT,weekly
CV9PO,monthly
CI2F8,daily
YHZLY,monthly
6CIJO,daily
EMTTB,daily
RML9Q,daily
FD0NP,once
LWFPX,weekly
RSE8E,quarterly
MXTS3,quarterly
H2FAR,daily
RJRO6,yearly
UA1N5,once
GO05T,monthly
UFJO6,daily
RM9A7,weekly
EAOS9,quarterly
HT3YM,yearly
SO2MN,quarterly
PIHPZ,quarterly
5C0AX,yearly
QMWUS,monthly
QC9G0,daily
AIQJS,yearly
GJWHB,daily
913R9,once
TLQPB,quarterly
ELO0J,daily
MI492,weekly
JAIJL,quarterly
2YATM,weekly
T3WJL,daily
IHVX1,quarterly
D7O6L,daily
JKSCU,yearly
G31UN,once
WW0H1,daily
S2BAF,monthly
TQEAU,quarterly
QBO0V,monthly
LT1QA,weekly
GVKJ5,yearly
G0T0N,quarterly
8YFZ5,monthly
SC1QX,daily
9AZ2O,monthly
GM69O,weekly
7GEO2,quarterly
8IC7Y,quarterly
EWAI2,yearly
Q3C7U,yearly
RYBAC,quarterly
JBSLD,monthly
FLGML,monthly
QMGD0,weekly
3VLDC,monthly
9IVS9,yearly
PKVXA,yearly
RL4GH,weekly
P027C,quarterly
SPX6A,quarterly
K0FRS,quarterly
ERP4W,yearly
6A9WS,monthly
FDIJS,daily
ND9BS,quarterly
8SXW9,weekly
8RB5G,monthly
GB2DV,once
AGODB,yearly
AKGF9,quarterly
FZ9GO,quarterly
AZI9G,yearly
P9FRM,daily
WI3UV,once
5LRLM,monthly
CHUON,once
QJCXB,monthly
WZ4EF,daily
IRA4T,quarterly
WXVDP,quarterly
VOJ7T,quarterly
17TPD,once
OGCCT,once
GCOC3,once
419G0,quarterly
WEW9N,quarterly
JRUI0,quarterly
BU1RS,once
2QGSV,weekly
E3PVP,quarterly
TLH02,weekly
2FDQA,quarterly
CVNDM,yearly
0LOUC,monthly
GUKJ5,yearly
TCYWW,yearly
Y3XA9,monthly
PFWM8,yearly
0KRSQ,quarterly
CX7X2,once
NHG30,yearly
LAFE6,weekly
TFF6H,once
S7EBB,quarterly
NYKMR,once
KG6E5,quarterly
JDX4F,monthly
2SPBM,monthly
6CR0A,yearly
BPGGX,daily
2JRLN,yearly
2S0A5,yearly
VDNDG,monthly
VUZTI,once
IQZI6,once
PNFPJ,monthly
LO3NA,weekly
TOF8J,monthly
8QCB1,weekly
9VJN4,daily
GALK8,once
USL6I,daily
KX1CP,monthly
NPEOG,monthly
HLXUW,monthly
1H5EG,monthly
EC912,quarterly
WK7XM,once
3U3ZL,yearly
2K1SK,daily
3M8HA,once
MKVQ4,quarterly
QDIXQ,once
9QS6T,quarterly
7I4M8,daily
AZFS0,weekly
DU8GU,once
I46YC,quarterly
HG9DP,weekly
673PZ,daily
C4G5P,daily
TDFWK,quarterly
C6RDI,monthly
ZOXSK,yearly
MP7MW,once
NQCU8,quarterly
YU5MK,weekly
3SGCB,weekly
7FD3N,quarterly
4OP9Q,daily
ZCWLT,once
5T87E,once
7ZXJB,daily
VU3CR,quarterly
9G4LA,daily
WIXMY,daily
5DZ0I,daily
LERI7,once
14IFY,weekly
WBZ9K,quarterly
G69ZD,weekly
VGVF8,quarterly
6K54R,monthly
1N7YZ,daily
0S665,yearly
A38YQ,yearly
ACG1H,quarterly
A707Z,yearly
688YT,quarterly
8ESYB,quarterly
5MK3Q,quarterly
AAAVU,monthly
Q7LRF,daily
Q8IWV,monthly
0ULED,monthly
GD9MO,monthly
K6F80,once
HHUXD,quarterly
ZZYOG,quarterly
WTBWN,weekly
JQIZU,once
OSPT5,monthly
I0DM8,weekly
PPQ4E,once
AB8I5,weekly
BZPIL,daily
JH956,yearly
Z2G06,once
5RDZM,weekly
LZUO3,quarterly
6LLPT,weekly
5G8KY,once
HXFPX,daily
J1WMW,monthly
94WWK,once
DWSF6,monthly
Y0NMK,yearly
EK6P3,weekly
MNUQQ,once
AZOF3,monthly
BNQ1W,weekly
0IMJU,monthly
K1EJZ,monthly
F5DE2,daily
YEGVE,weekly
LCODF,monthly
AD3QH,yearly
X7NTZ,weekly
PPU76,weekly
4CNE6,quarterly
EDDNH,daily
FQD0J,once
DWP80,yearly
RGD8Z,yearly
AFHJG,monthly
S23H5,weekly
HJ9SU,quarterly
3EPH7,daily
SJCXR,weekly
YCMC6,yearly
BD0BO,once
5WFRX,weekly
8U33P,yearly
IXPUB,weekly
W2O28,quarterly
60IJG,daily
NV7EC,weekly
CSZCN,once
QVT8S,once
241LT,quarterly
6IHX7,yearly
1XV0P,monthly
WQ8M2,once
GHBRA,once
9GRUK,monthly
BD9HP,daily
SPJ0N,yearly
48EA3,once
ZOF3P,yearly
1S5PZ,yearly
ZLNGZ,yearly
XUSHG,weekly
LYYOG,quarterly
QXD9L,yearly
W72L3,yearly
GOZA3,quarterly
QHVVP,once
9XKBX,yearly
PKWUF,yearly
RVWIF,once
0ID2B,yearly
232AW,monthly
PD6K8,once
6FXDT,quarterly
EKDJT,yearly
QN26R,weekly
LIYIR,yearly
SUWI1,quarterly
PIVZF,once
S1TQ8,once
Y1OHR,daily
DKUNX,once
SEC6B,weekly
MI8B9,quarterly
LO00W,monthly
JAQO3,monthly
QJJIJ,weekly
XAKPF,monthly
7T4ME,daily
BXO6V,monthly
WE2F5,daily
GO4NJ,monthly
LVI0R,once
X21UG,yearly
IU3PY,once
DDXDK,weekly
8LH4F,once
H7SGT,yearly
ZUE2K,weekly
PXDZB,monthly
J6A3W,weekly
9W9VI,monthly
JN7RJ,monthly
FHAW9,once
6J9A9,once
VYTIL,yearly
6XAMM,weekly
XTPS4,daily
IFSLQ,yearly
CG989,quarterly
ZDJ5J,quarterly
X15JT,once
1IBI4,weekly
Y8ZP5,monthly
89AW6,once
KSQT7,once
KQETE,quarterly
9RLF4,once
1WQXN,weekly
4WFUL,daily
9LZIA,monthly
7XXH9,yearly
I05MU,once
S9DRY,once
SJHD5,weekly
W5L17,quarterly
UUWR3,monthly
8R406,yearly
DSDYN,monthly
B91TA,monthly
K8LLJ,once
OPVHO,quarterly
Y37CA,weekly
RS0AU,quarterly
EFP07,quarterly
Q9PZU,once
QF306,quarterly
YC1AW,yearly
JS28E,once
EKLGL,monthly
D1M6O,once
XE2V4,once
MKO1F,daily
ZT3S8,monthly
D629K,once
VV7PT,weekly
E62DS,quarterly
J4IVC,daily
1Q1S6,daily
UC2HJ,daily
FNYY2,quarterly
YXGJ4,monthly
CHFWY,once
9IAND,yearly
8W6LP,yearly
T0ZS6,monthly
LVBY1,weekly
HVQNB,weekly
Q7051,quarterly
JCSMX,yearly
K70IV,weekly
7P2UK,quarterly
KY768,monthly
FF443,monthly
Y3YAD,once
41SCY,daily
N4K4F,once
KVC9N,weekly
HIWZQ,daily
ABCGC,weekly
KOPC4,once
QI0LL,once
03LBD,yearly
BBB6Q,once
M3NXI,quarterly
SLRH6,yearly
D2WUH,once
912C2,daily
DQRFA,daily
4AZCY,yearly
9ANFE,yearly
8IV2X,weekly
PGXPX,daily
Y4QNY,quarterly
ILZPZ,monthly
F9ZDV,yearly
36C9D,weekly
DWBLA,once
8FWGU,quarterly
AL5QS,quarterly
L6JKF,quarterly
FG4OU,once
T89BT,once
WJVRC,quarterly
GGVA0,daily
74DEB,weekly
IFCBE,monthly
9STX1,quarterly
KKBV5,yearly
NKIAN,yearly
EZ2HH,yearly
ITEZ2,yearly
4CYD8,quarterly
A7OI5,once
86QBU,monthly
B0DVT,yearly
BXHXQ,monthly
BGDVU,once
EWV0X,daily
C41E6,quarterly
0QSI0,yearly
78938,quarterly
OQAVY,daily
MJDP9,monthly
HA87X,daily
D7SC6,daily
SB908,quarterly
XXSXX,yearly
V7WX2,quarterly
KQC58,once
XONNK,weekly
XMT80,yearly
263OE,once
9KIU2,daily
DZE3J,quarterly
DDHOP,once
C86BB,monthly
IVIPT,daily
TJEI1,monthly
FUIPK,weekly
2VIMG,daily
G0MGV,daily
6IMOW,quarterly
QSN4S,weekly
GRSBG,daily
PE1VG,weekly
LY430,yearly
Y5CVD,daily
A84FX,monthly
EYUAB,daily
3YDGP,daily
PWNU7,monthly
XLVRL,weekly
8V7FB,quarterly
8LC3U,daily
O2H7Z,once
UYZ5O,yearly
YD634,yearly
RVSYY,once
ZZOCN,monthly
8USMA,weekly
70TYX,quarterly
9TOMI,once
W8LQQ,daily
COD2Y,daily
ISRP7,once
P3RB8,yearly
2MZ6U,quarterly
76S1G,weekly
A7LMD,once
QPXMC,once
YINGE,yearly
MQKGD,weekly
NJBOW,daily
Q0QAL,once
1WUF6,monthly
23CI8,daily
PGCR8,once
3TSTH,quarterly
0LPQM,monthly
CYQ28,weekly
Q5LX3,weekly
048AF,once
3TSXM,quarterly
6QXTK,once
195VE,monthly
06O7X,weekly
KDPVE,yearly
4SGT8,yearly
P0ET6,quarterly
TA0P2,once
AVOW8,daily
O3HOJ,monthly
FEA30,quarterly
CLAVN,yearly
C96GY,monthly
X7E7Y,yearly
5C8TU,once
G8KW4,once
VFKLZ,quarterly
IULJR,yearly
O3I8K,yearly
DGOZI,daily
CI62X,weekly
NPBBS,daily
XUF5X,yearly
Q9VTV,once
ZLYJB,monthly
W6LKJ,monthly
2K9OY,monthly
AP0H1,quarterly
K9HPU,weekly
Q98UL,daily
7Z4PJ,quarterly
Y132X,yearly
47KBB,yearly
U6WS8,yearly
K4488,quarterly
G0OYO,once
YRX7J,yearly
4M3R4,daily
9U8NA,weekly
VOVCG,quarterly
935R6,monthly
7QRDA,once
ELZBH,quarterly
37J9D,daily
HVRXR,quarterly
D7RTY,monthly
WZS7Q,monthly
QH3L9,monthly
JO0TU,weekly
N4SUN,monthly
AD1TT,yearly
M5CMB,daily
WMPX7,daily
ABYZN,yearly
04W8S,monthly
7UH59,quarterly
G337T,daily
3KMID,monthly
V3N5P,daily
OV6F5,once
LQQIW,daily
7N8JR,weekly
UNMDC,once
OOC8B,daily
S8LGJ,monthly
NMUVM,yearly
U0UW2,monthly
RORDN,quarterly
8384T,quarterly
76KQY,quarterly
09EOC,daily
G8TCR,yearly
H9THU,weekly
1NOU5,yearly
81M3X,quarterly
EL8S5,daily
26WTI,yearly
9CMLE,monthly
52X3Q,once
JX2AB,monthly
0YZUK,daily
PMMZV,yearly
SZZGW,monthly
X31A3,yearly
O0JH0,yearly
TUSFM,daily
LEZMP,monthly
TLJ1T,monthly
1L75M,weekly
IZ0VC,once
DW7QG,weekly
K27EV,quarterly
BE4ZT,weekly
XBD45,monthly
56LC6,daily
1EHJY,weekly
R4AQ6,quarterly
6MFEU,monthly
TBQ08,monthly
FW636,yearly
MPX9T,yearly
HZHVP,yearly
D42NK,weekly
WG5RB,daily
1VMMR,weekly
OB4OL,quarterly
5AMEJ,weekly
2OVDK,daily
FX1CL,daily
PSECM,quarterly
SDAE6,daily
4TPSE,daily
KU88L,daily
XFNKK,yearly
B56ZO,once
B37SY,quarterly
7R3FN,daily
N35C6,monthly
WP9QF,daily
0PAO8,monthly
TA5NF,weekly
X3PT8,daily
USVSD,once
CF9KC,quarterly
AG3RM,yearly
SC9P7,once
5V4K8,quarterly
1QOCI,quarterly
C0ZZE,quarterly
J3E8C,quarterly
U1G1W,quarterly
160KQ,monthly
N1POE,daily
UJPPS,daily
2A9Y6,yearly
HYLNP,once
DUON5,once
XPXKI,once
XOD87,once
1B9HA,quarterly
JETF5,weekly
W7R02,quarterly
U844E,yearly
9FI0H,yearly
PG8BV,daily
YQZJ5,once
PR7K4,once
S81F0,daily
TX1UO,daily
D1QIO,quarterly
HO8RY,weekly
6JI8O,once
2DMBL,yearly
2HRYS,once
TLFZ2,once
WMS35,weekly
RUZMY,monthly
IISIG,weekly
2V5MU,weekly
W4E8K,once
0DVVQ,daily
ZART8,once
ZJJC7,quarterly
W55QN,once
AYPQR,daily
3BLET,yearly
XQDJ3,weekly
KPE6R,daily
C8CXO,monthly
L9GRS,quarterly
JFTIN,once
WEEIR,weekly
F0FBP,monthly
UBVEC,weekly
AQCDK,daily
HB7MT,once
HMA19,daily
PA04U,monthly
OJH4H,daily
ZPFYZ,once
J0YAE,yearly
RGAAB,quarterly
6ZJ2S,quarterly
C5UWK,weekly
EV5F7,weekly
U21FS,weekly
MYGHJ,quarterly
0XGW8,monthly
OWPIY,yearly
YP5J9,once
A6WNT,daily
KYSGP,weekly
A1XY8,weekly
CBRBH,monthly
601WD,yearly
L71JQ,yearly
GJN3W,daily
V2A0H,yearly
CT7ZR,daily
S2HNZ,monthly
YLLP9,yearly
SSD85,daily
GZ08B,monthly
LQP3G,once
XE6KC,quarterly
WH2WV,daily
2RK6Y,yearly
4REE1,weekly
0UQ1W,monthly
JUQVS,weekly
A7294,monthly
FRUNR,yearly
7VJQF,quarterly
5UNPY,daily
R3GNJ,once
SX746,once
B9GYN,daily
PMWNT,once
SQJ5E,once
X45DU,daily
XEGKF,once
F6XCD,quarterly
7W4UD,yearly
M71MM,yearly
FWRER,quarterly
RIUHU,once
TUA2R,once
OHP70,once
6WXZD,once
FBTZN,once
5YC7S,weekly
4FQD2,weekly
BHX5N,weekly
QWERT,once
DV0WR,monthly
1PZ5H,daily
FC4ZJ,weekly
8I08J,daily
SK50N,daily
2X7Y9,quarterly
EERSR,daily
SUMZL,daily
SEO1K,once
VMPW6,once
YWPZW,once
HN7RV,once
YFP4S,quarterly
QPTSS,monthly
F4G60,once
6CXIS,yearly
FGWS6,monthly
TUUJ5,weekly
C9A1B,weekly
OIKKN,yearly
JNUEW,once
VPCCQ,monthly
8EELV,monthly
0WU9Y,quarterly
4QAM6,monthly
QNWWM,once
ZI2W4,monthly
0AX8A,monthly
AVY0Y,weekly
XV450,weekly
LBXAQ,yearly
FLVLU,weekly
A7JPZ,monthly
5DT02,quarterly
QZ772,yearly
DJOFF,quarterly
C3F9W,weekly
78R60,once
M7QLH,yearly
TWQLG,weekly
QFMWN,yearly
UI83F,weekly
0OI41,monthly
KS0TW,once
QBKZF,yearly
VTEEO,yearly
F3A2J,once
YJC1G,daily
JIVVC,yearly
0M0SN,monthly
I0QQ6,monthly
GGOQA,daily
1WI8O,weekly
6GQ39,monthly
WLGH6,yearly
6D2M8,once
ZW81H,weekly
A4DVH,daily
L1NKD,once
ZNGQO,quarterly
BDZE5,daily
1ICFS,yearly
O0M6V,weekly
I9B3W,weekly
DOJN1,quarterly
WQC5L,monthly
80C93,weekly
GX7V5,weekly
K1PF7,weekly
9XG5D,monthly
A1TYY,weekly
EGT3R,once
68Q33,yearly
3I5WW,quarterly
8EOOO,quarterly
GMPPF,yearly
TZZSO,monthly
M5Y2L,daily
KHJO8,yearly
48F1V,weekly
U4QIW,monthly
28LUI,daily
EQ1B3,quarterly
04MDR,once
2FO4K,weekly
7KA6O,daily
N7HV9,once
RGKPY,monthly
4MTMI,daily
OWS7F,weekly
QIFJB,quarterly
B71UV,monthly
T9XEF,yearly
D5B32,daily
R2PDS,once
LQINW,once
01C4U,quarterly
MLZU2,once
UQQIO,weekly
OAJWJ,monthly
O4KWO,yearly
HCJ1E,quarterly
AZCO1,daily
1ZYH6,weekly
F0SSV,monthly
KK8F4,daily
QSF0A,daily
FWARA,quarterly
1TK1W,quarterly
UOW05,yearly
WRMSF,daily
CAKLN,weekly
56MRZ,monthly
RNQN4,yearly
FI9EM,monthly
7RBXF,weekly
P0M0R,daily
1WGLG,weekly
66SNT,weekly
RJPZX,weekly
ZT4V0,once
GIFO0,daily
56KET,once
6O031,yearly
147HH,monthly
PQMIE,daily
G7W7R,yearly
7QI5K,monthly
BNSYL,yearly
J5Z79,yearly
99ZWD,quarterly
N5JD2,weekly
BMDTN,daily
3TAZ0,monthly
1M8IN,weekly
I7SVR,weekly
WFY04,yearly
XGKF4,yearly
A4EIN,daily
E6QYU,weekly
50FCE,yearly
7UTQ5,daily
LF78Z,monthly
G56D1,yearly
6PJCC,daily
1BJ6S,daily
6WWSZ,daily
B4AJ9,once
TOMKL,weekly
OOU7I,once
SFRUK,once
9C3Z6,weekly
T318X,yearly
G90B7,yearly
OJFEP,weekly
NC2EE,monthly
SLGNK,quarterly
RLYAQ,once
QW93D,weekly
KYVL4,once
9K5N6,daily
CL4NX,yearly
7TS4W,yearly
PLW4R,daily
WHQ8I,once
SNMT1,yearly
A2FGZ,weekly
26XE6,daily
BIADB,yearly
O9NN6,quarterly
DD054,daily
SQFW8,once
FX1X7,once
GIQO6,weekly
0L5MO,weekly
7FHJM,yearly
C2EPC,quarterly
RQKPV,yearly
OIIDV,quarterly
5T8Z0,once
FO4XM,once
KIE8I,quarterly
7HIJP,once
GDA7I,once
RGCSY,quarterly
TLV92,once
TU5V2,yearly
PKJPZ,monthly
8RD4G,once
2UAVR,weekly
4YVD6,weekly
XA91K,quarterly
Y415L,daily
4JYAU,quarterly
HFNN6,monthly
H6I5C,yearly
YT8VZ,monthly
CZ8BW,weekly
4AM9P,monthly
EIBS0,quarterly
XYC8F,daily
DK7LN,quarterly
1KDKM,once
WYG6I,daily
OFCTF,weekly
M5ACO,once
9JTW1,monthly
JAEZ3,quarterly
SXNTX,quarterly
Z4HME,weekly
B80VF,once
T2YB7,once
H7ZHD,yearly
WNQEV,monthly
J7ANH,quarterly
T6WBZ,quarterly
F851Y,yearly
BM0VS,yearly
GQCF0,daily
KH7V9,daily
HM4CO,yearly
MLQS7,once
XVPB6,daily
H63FJ,weekly
BSACM,monthly
JC74R,weekly
IGUH3,daily
6LSYE,once
0LQ14,weekly
LO1AK,monthly
H6SUO,yearly
GBK3M,monthly
LGZZ7,yearly
U2AZ0,quarterly
ZW2B7,monthly
237NK,quarterly
ZLXXA,quarterly
GCX9Q,yearly
V87LA,yearly
4XTAT,quarterly
4SHSS,yearly
PLEZN,once
E4H4Y,once
EI52Y,monthly
2FDCS,quarterly
Q2SBB,daily
8LC6N,quarterly
OXAY5,once
BVXSW,once
4KN5E,yearly
WYG59,weekly
K8BLY,once
DFFGC,daily
1MWCH,yearly
L92NB,yearly
UPRM1,yearly
I1PFZ,daily
JB2C0,once
VALV9,quarterly
AQQFP,once
EWRGH,once
0LQL8,once
V6VPI,weekly
6JISQ,daily
R2DG2,yearly
FU76E,daily
200I1,daily
CKBQJ,daily
AXQ0X,yearly
FLEAM,yearly
5OB3J,once
JN009,weekly
U9W82,yearly
9IS6S,monthly
WRLL7,quarterly
KT9SA,yearly
YMWMC,quarterly
OLRYX,yearly
6BFMD,once
WZRRL,yearly
LLF1E,daily
NVOHR,yearly
G57JV,daily
PH2TJ,yearly
WFOP6,yearly
NBDQT,daily
3CC82,daily
MCIS5,monthly
4TJEB,once
KUYN0,once
TK7VV,monthly
23NVZ,weekly
5YS6V,daily
IF0VI,monthly
TDUKF,once
ND4OZ,weekly
7N9CB,yearly
WOL22,once
GCCTL,monthly
UIZO4,once
G8SHL,once
IER7G,yearly
TFO7G,daily
W0EDA,quarterly
QSMGA,weekly
U7PB2,yearly
8PPHV,yearly
CHL7D,weekly
5WXE4,daily
VK20V,once
KB5TT,once
U5V0X,daily
BS6HD,monthly
921SB,quarterly
AFXTC,monthly
GO3XP,daily
CFGAT,monthly
IQT28,weekly
6HSSF,quarterly
GDH3H,daily
SEF2H,quarterly
EAIPH,quarterly
X8GOV,daily
DUV05,monthly
AQRKJ,daily
X5DCB,daily
QFE4D,quarterly
VC80X,yearly
IYW7I,weekly
CFIIA,yearly
RWYF7,weekly
DNJBF,monthly
NCAWF,weekly
J8U11,yearly
UCP4V,weekly
SDTH5,daily
EAXSI,weekly
UAYNV,weekly
VKWSS,daily
U4IT7,quarterly
5636T,quarterly
A043H,once
WLABD,daily
BYVVF,weekly
MVG5O,quarterly
NWLER,quarterly
NIT79,weekly
XOLWS,yearly
PYGFN,once
CTNDL,monthly
IIPUM,yearly
ERN09,daily
008DS,weekly
22YRO,quarterly
R8VMO,daily
9H249,once
6R0ET,weekly
BC0BO,yearly
DZ0ZO,yearly
G19S4,weekly
YKVJM,yearly
IKCQ5,monthly
1R9PB,monthly
Y86DR,yearly
B2V0D,yearly
F82A8,yearly
E8N0Q,once
97VNU,once
ANP60,once
5QSW0,once
MMZ4I,quarterly
QMI7U,monthly
DR9TG,monthly
V7FEA,yearly
LK56C,once
D8C1W,monthly
H8S5Z,weekly
7ASYR,once
FZU25,quarterly
D1XNH,quarterly
KRXYV,quarterly
ORQLC,once
57KHR,yearly
0W9O3,monthly
HE3PX,once
Y75BN,daily
TVTS6,quarterly
54V26,weekly
G0NHQ,daily
RVB6G,yearly
NT1N2,monthly
P8L6L,monthly
LQNQ6,daily
V3LEB,yearly
U394I,weekly
QVSJ4,weekly
P3CPN,monthly
OLXY2,monthly
WP40Q,quarterly
7HKY7,yearly
GCXDX,quarterly
MKF6J,daily
1WT76,weekly
W03OM,weekly
5TFU5,quarterly
48B2B,yearly
MHN7L,monthly
04CN1,quarterly
QYX3X,weekly
Y4G2N,monthly
TMJMN,daily
OXGE5,daily
2EEVY,daily
B8GIW,weekly
KPTWD,monthly
1DFWA,weekly
O6IVR,daily
UTSBB,yearly
JABRX,weekly
CK88T,once
S2G0E,monthly
GH9JK,weekly
2WHZ2,daily
LB1T8,monthly
B8OGQ,quarterly
ALQTG,once
ZMJ8E,weekly
BJJUD,once
TUVNQ,daily
5FTBL,quarterly
NI4T4,daily
DYARB,quarterly
DKKMI,yearly
VH764,once
VQP7X,quarterly
YEBZV,daily
ANXU6,daily
IWQC1,quarterly
0425T,monthly
K4R5Z,daily
8TUPH,yearly
D1BGH,quarterly
HA9Y7,daily
UZP4Z,monthly
KXIUV,once
P9UJ0,quarterly
0YOB7,quarterly
CIZ9R,yearly
MDWWJ,daily
GO5U4,quarterly
1UX03,monthly
JVBL3,once
FGHI7,once
5R6A9,weekly
US926,yearly
L5GIN,weekly
G6OXK,yearly
TK7D3,quarterly
M4H1S,monthly
87PK6,daily
ZQCVT,daily
0GY8Y,once
NXVUK,weekly
KLDXU,monthly
HXF13,weekly
UUPE6,yearly
B5VSZ,once
CWDGP,daily
7YSML,weekly
SCWS0,once
IK4WE,yearly
7AWSB,weekly
LHXAX,daily
K0OD4,daily
N09LW,monthly
2AMC8,daily
YTT0X,yearly
K2P7S,weekly
DARQ1,weekly
8EHE2,quarterly
JJMRD,once
FM2Q6,daily
YZZDL,once
2MZKM,once
050LI,daily
PVGX4,daily
VNVCW,monthly
NSGZR,once
YX8X8,daily
O13A9,monthly
5D3RE,weekly
AUCRX,yearly
AKM2L,daily
IO7DH,yearly
96INL,weekly
OXR5L,once
D6NS6,monthly
RSSVW,weekly
228GD,monthly
CXUI4,yearly
D26MW,quarterly
6Y6VS,monthly
2B78X,quarterly
507OD,once
G2VQD,quarterly
9S2VO,daily
08LIQ,monthly
IQ14J,yearly
DZ4LF,weekly
EFK7I,yearly
W9K96,once
79160,monthly
EY500,monthly
B8RUR,monthly
DWLKH,once
KDEGL,yearly
K0XRH,weekly
EFFYE,weekly
40VSA,quarterly
17PIH,yearly
3NXPF,yearly
LYA5C,yearly
UWS2Y,once
2A738,monthly
DI1HA,once
H7MWL,daily
0YXN8,yearly
460DP,yearly
0G2LN,yearly
CSFAZ,weekly
8PGUL,quarterly
2PIYK,yearly
OKSCF,quarterly
MCCAP,quarterly
0AO7Z,weekly
DHVEH,once
GMNF8,once
SBHFN,quarterly
ZBYYU,weekly
OW0VF,weekly
FUFUY,weekly
DKDFO,quarterly
GCYXM,monthly
RWEGC,daily
27G0S,once
E3ZAU,once
YATQC,once
4RTIO,once
HY8GL,weekly
QEKVT,yearly
Y26VK,once
32D1H,monthly
JNUJD,weekly
UGITQ,once
76LAT,quarterly
T8ZBI,weekly
IFXVJ,daily
6C0YP,yearly
4AMGM,daily
MJJGA,monthly
S098U,weekly
GZR4P,monthly
YO4CD,daily
YNWBZ,daily
VFW82,yearly
BVSYX,daily
ZQUM2,yearly
Q43PY,once
6GAQ5,once
5HG8G,monthly
9E0GT,yearly
J101F,quarterly
438I2,weekly
P5KSZ,weekly
QAWZR,quarterly
26ZCN,daily
WPS57,weekly
WOZJ0,once
2YNBM,monthly
YWRYO,quarterly
XGG4L,once
4CO5C,once
6N0EN,weekly
0CZ4Q,monthly
0WRP0,weekly
EO20S,weekly
4KU03,weekly
OK94G,monthly
5BIP5,daily
KFWGM,weekly
ASJPL,weekly
SMCZ1,weekly
OVG61,once
C96NR,weekly
UPY2H,daily
R46N1,quarterly
P4YRD,weekly
L30RH,daily
Z2V8C,quarterly
ZVDC2,weekly
LZZU6,yearly
NG13U,weekly
JE2Q7,once
IOSRL,daily
RDTM0,weekly
UB8C4,weekly
N80DG,once
X49BC,quarterly
KSJYC,once
RF2Q8,weekly
NAGIV,quarterly
N0IMH,yearly
IROSS,weekly
8GX2X,quarterly
A501E,once
PA2W7,quarterly
10RVC,once
VT6FM,monthly
ETXR9,daily
GF03W,yearly
M4FM5,daily
9XSV8,monthly
DOY4U,monthly
Q1WL2,once
PQEU9,weekly
QULML,monthly
6CZEI,monthly
UBJR5,yearly
BIUSX,daily
MPZRI,monthly
72B2E,quarterly
4WA9Z,weekly
MYVUY,daily
JLFEK,yearly
2ZSSF,quarterly
CCJ7U,weekly
NEGID,monthly
MT6Z2,weekly
JJPA5,monthly
UDROS,monthly
S4DF0,yearly
9UNIZ,weekly
XC7OK,yearly
K0JY7,daily
5Q3BJ,weekly
IVU2I,monthly
UI165,monthly
U2T7T,monthly
ODT6F,yearly
276G6,yearly
4ROUT,yearly
PPOII,daily
6S2UK,quarterly
5QT5C,yearly
KMX0O,quarterly
4B52S,quarterly
79GFO,weekly
AOSRC,daily
91RZR,weekly
0A0VB,yearly
L2X7C,quarterly
66TTC,quarterly
JYCRB,daily
3L9QY,weekly
CSRWE,daily
ILOSC,weekly
ODTSY,monthly
DN7KL,quarterly
VRAM4,yearly
DX25V,quarterly
WI9VP,quarterly
H2QBI,yearly
RSOS8,quarterly
Z5VTP,once
U2YGG,quarterly
VYO8K,yearly
U2UWC,once
BWSL6,yearly
4XXY4,once
61QRG,daily
EGVM6,monthly
8M0SG,quarterly
60CFU,daily
E2C0B,yearly
P9K9S,once
DXRY2,daily
38J7F,yearly
V6VIO,monthly
5S64S,quarterly
193SA,daily
LQ4YI,once
V7WZ1,quarterly
6MXTX,daily
ZPCCO,daily
O5CE5,yearly
KGXBD,yearly
B6GE8,quarterly
UEZJC,once
WJMS4,quarterly
REPG6,yearly
VV73E,monthly
Z0BML,yearly
4L7EB,monthly
88DDP,monthly
KAUMH,yearly
1U4WI,quarterly
K4ZWN,once
9Y0AS,quarterly
E7OIP,once
SX0EP,quarterly
AMBTG,once
GDSJ3,daily
QKG40,yearly
8CCC6,monthly
FP6V4,monthly
7YNOQ,yearly
9U4Q8,weekly
NXNWJ,weekly
G31PP,once
BEDDY,weekly
0WAJU,monthly
GTB49,quarterly
TMPG6,weekly
SGHG5,monthly
86BEC,yearly
X2ZGJ,quarterly
1JXEM,monthly
MIQNQ,weekly
N9G2R,monthly
3EWHT,once
3W5TH,weekly
A4NY9,once
D6NXO,yearly
WJW7N,quarterly
NR2NQ,monthly
HWIAV,yearly
M512K,daily
S0RP1,once
Y4Q9G,monthly
FQWNZ,daily
MEN7X,daily
FCS5V,daily
CTO6D,once
XQYM4,monthly
O8PT9,yearly
BGIZ9,monthly
KRW2B,quarterly
B62O8,daily
M655N,yearly
Z0MAF,once
CUPAW,quarterly
TJ7MW,quarterly
62TGP,monthly
V2XB0,monthly
KSOM8,daily
EV565,yearly
H89GF,yearly
UT7NF,weekly
F9FR6,daily
ONHCG,daily
WMJW4,quarterly
SHJVQ,yearly
P8S26,weekly
6XGS3,once
T1HKB,once
TZM3X,daily
CHMD9,yearly
4P23T,weekly
8TL5U,monthly
LE4Q1,yearly
2BZ5H,daily
7VBRB,quarterly
CCKL2,once
RMG04,quarterly
JTMF5,weekly
GIX9X,daily
0E2Q4,quarterly
2D9NJ,monthly
DQIGN,once
M5XSS,daily
EIOYO,daily
OW7KV,monthly
YZU39,monthly
5YDSC,quarterly
M82X1,daily
KB771,daily
47PBO,daily
VJDKN,daily
OGJI8,weekly
EIV0S,yearly
K2SPN,yearly
7XERB,quarterly
BE1VB,quarterly
8WRD3,quarterly
FI22M,quarterly
RL0FW,once
7LXHU,quarterly
Q82Q9,quarterly
XHJ6F,weekly
K0HN0,yearly
HJG6W,quarterly
2817K,yearly
SB6AV,yearly
HXR3O,weekly
DUR6T,monthly
SRNE7,yearly
FZ5LR,daily
QN5IN,weekly
6TKZ2,yearly
7K3MU,weekly
3W6TR,weekly
MFOJA,weekly
I6R7R,once
90DJ2,weekly
AAZBC,daily
SRWPO,monthly
XKQET,quarterly
JT7JX,daily
9YJM8,monthly
BZYES,monthly
AN8GB,once
ESZLY,daily
1FO1Y,monthly
9EGOQ,quarterly
I46NH,yearly
Y4TZZ,daily
TPJX2,quarterly
1S0VN,yearly
1PFCD,quarterly
DFL7M,quarterly
756GQ,monthly
S26SM,once
36289,weekly
N5GI0,once
RQQTP,daily
5NSQM,yearly
CRGE1,yearly
CCVB0,daily
RK1JZ,monthly
SDZSG,daily
ZYI8V,monthly
UJ7IQ,quarterly
09SLU,once
PG2QO,once
GMTTO,yearly
Y10C8,quarterly
C0SJF,daily
PONU9,quarterly
7KR7J,daily
RVHSH,weekly
4PSLL,monthly
PGXKC,weekly
5IXRK,quarterly
0ZEHU,daily
Z5D2A,quarterly
BW4VJ,daily
TV4SE,yearly
AYP1L,weekly
8XYYT,yearly
M0TCG,once
1IAYF,yearly
88VSC,daily
WW0KY,quarterly
ZQCSI,quarterly
TVYL9,weekly
AZX93,yearly
5OO3P,daily
7TOYV,monthly
EIMJ1,weekly
CU1WJ,once
LK4O5,daily
124W4,monthly
TVL8L,once
RIQN6,weekly
RBFWK,yearly
WKCGJ,weekly
LZW2V,once
XBDQ1,monthly
DHRDF,quarterly
RCJ9V,monthly
U61SN,weekly
6XETX,once
MWHPD,daily
YPSOW,monthly
BTKYS,yearly
91NE9,weekly
VOU0Q,once
UVB6W,monthly
PGUTP,yearly
XNZMA,monthly
LU1YB,weekly
2PVTH,once
YQ8UX,once
QOLGG,monthly
FYHRP,daily
LB5ID,weekly
WL6QR,weekly
NH1O8,quarterly
9LBL7,monthly
5I0AY,yearly
64U58,yearly
JMKN1,once
98XKP,yearly
YZ4FM,weekly
CV3LG,quarterly
OAANE,quarterly
84DDB,yearly
RCWM7,yearly
YYZRK,daily
N6EE8,once
9UC9A,daily
IGVH5,yearly
7L3W6,quarterly
Q4KOZ,quarterly
RX7BU,weekly
YATDP,weekly
HX24T,yearly
5BN4U,weekly
TSC1W,monthly
6VNJH,once
TJC07,once
AXD1X,once
E1ZUS,weekly
M6T9S,daily
34NJL,quarterly
TK6WO,yearly
FQ6M4,yearly
HR92N,weekly
JVCOP,quarterly
Z8L7I,once
0KND6,weekly
GSHVM,daily
ERZ51,quarterly
2C3NB,yearly
6YKGA,daily
U9N54,daily
ZGQU2,yearly
08QJP,daily
NI255,weekly
BLKGF,once
XSY7J,monthly
KLS0S,daily
JJP9N,quarterly
TH0IG,once
SGKXT,quarterly
76IIX,monthly
A6EVB,daily
EFBHU,once
RUVID,quarterly
CCQP6,monthly
9F8SV,weekly
G5H3L,weekly
OUYYO,monthly
NTDCM,daily
TEN54,yearly
RM3K4,once
4I9GI,weekly
W49RC,weekly
P5HV0,monthly
D9SEE,weekly
ZEDUV,daily
JBI9O,quarterly
OIU9E,once
330VZ,monthly
HLH8X,once
9XEE0,once
BI1ZN,once
AOJR3,weekly
RU6OR,quarterly
94O8N,weekly
MGVZ9,yearly
YCQSP,quarterly
CBU7D,quarterly
F7549,quarterly
MGBJ0,yearly
2IS3B,yearly
BRA2R,weekly
8YIKF,weekly
RI3OV,once
MLE0C,weekly
F7HHB,monthly
CNUS5,monthly
3QH48,weekly
QRBP9,daily
VPK7O,yearly
U6TZ7,yearly
03KQS,yearly
UNCZI,once
Z1L9Q,daily
2W7MA,quarterly
W3R5Y,quarterly
3436,weekly
1B1PX,yearly
T6PM6,weekly
9QIWM,daily
A55V3,weekly
SWS5B,yearly
WM645,yearly
PG93O,once
10VC6,once
IWKF2,monthly
KRNOJ,quarterly
I5152,daily
JN1E2,quarterly
TLO0G,weekly
EDIZB,once
LXLYF,weekly
564A0,quarterly
W6QY9,daily
ZRB1A,monthly
YHRLM,quarterly
7TFCX,monthly
CFMBD,weekly
KZFI3,daily
EW9H0,daily
BD41V,yearly
GD1O1,once
UEP1Y,yearly
KB91A,yearly
BADTV,weekly
TMNI9,weekly
4B0UN,quarterly
9PSME,weekly
Q6BRQ,once
WSZQS,daily
3GVVT,daily
UXGSA,weekly
FFJE0,once
OCJMZ,once
IXD0Q,daily
7OXBW,yearly
OS7I5,once
3U2XK,yearly
HXAHR,weekly
KS6NE,weekly
LVOPA,yearly
JT09N,once
1PVSJ,weekly
DG8FT,monthly
NTDOE,once
5AQKB,quarterly
3WJ4X,monthly
8RVGS,yearly
R5YIZ,yearly
PK6D0,daily
UVXD3,yearly
DV4SN,monthly
YSPMV,monthly
6GUIW,quarterly
OHX9M,once
WFH58,monthly
8XAHD,daily
HDRV1,once
I9BSS,monthly
JPWP8,daily
SOOW3,yearly
NK471,monthly
P56HC,weekly
A886J,weekly
1ZCUJ,once
SN09B,once
IMRE9,daily
FMAQR,once
N3DQV,yearly
7ALVQ,yearly
ZDG2I,weekly
GDTKP,once
5ZE3D,quarterly
YDPAD,daily
X2NZS,quarterly
WAL6O,yearly
Z7B8I,monthly
Y2APR,once
V0FGF,daily
IY7JD,quarterly
QQ9DN,daily
L9D2X,weekly
7YSRY,weekly
VHEX7,monthly
HPXB2,weekly
TCKRC,weekly
NE40W,daily
JF0G7,weekly
UR4LY,yearly
1GSBK,once
8BFJ9,daily
57CQB,weekly
WEDE0,daily
4WOLA,quarterly
9WMLJ,once
SWKO4,weekly
SPIFY,quarterly
MLVJM,once
GUKS1,once
EKEMN,yearly
R23XR,quarterly
J4142,yearly
8ETS8,weekly
L0MNY,weekly
ZVYHP,yearly
F345D,once
OPS88,weekly
MSLQP,once
1BB7K,yearly
KEDMH,once
4NBH1,once
AF4CN,yearly
E7DGW,once
UF7ZB,once
MOE89,weekly
Q0N91,daily
NO2LM,once
DVWDE,daily
7X6A6,once
LT9JS,daily
VZVZN,once
GJUIE,daily
UPEP7,yearly
JI87W,weekly
CEX9Q,yearly
SM7HE,monthly
48XN4,weekly
ZX2Y8,daily
7GHVZ,monthly
IJPCC,quarterly
7WPPD,weekly
J5IXK,quarterly
JMFI3,yearly
RRVMQ,once
K1GCX,yearly
6HMTH,once
YOS8D,quarterly
FC134,monthly
1MCEE,yearly
CHAVP,weekly
9Y6R4,daily
056NO,daily
3YK2E,daily
EHTGX,monthly
C1QUJ,once
GBTZ6,once
OZ28R,once
SBQYY,daily
D68PR,once
UM972,quarterly
IHA56,once
WTM7J,daily
7R4RD,quarterly
CO661,quarterly
THYPR,quarterly
D7NZZ,monthly
U6CSS,monthly
DTOY9,weekly
BR6RQ,quarterly
VG902,weekly
4ATAC,daily
VYW4E,weekly
E9T29,yearly
ESHA9,daily
6GVYI,weekly
LTVME,monthly
QD71A,weekly
A18LJ,monthly
B95CA,weekly
LMXBI,quarterly
0BY8G,once
2VXJZ,yearly
RT6AO,daily
NPO7D,yearly
XAX0S,once
HH6T6,quarterly
CNSIJ,monthly
PL34R,quarterly
E0TV1,weekly
8GZ1M,monthly
PAA9W,monthly
PY0HE,monthly
8S2NG,quarterly
A6ZFE,once
D4GDL,weekly
0CPCE,daily
VG9L3,weekly
CURLT,daily
XD528,daily
3MK6U,once
7Q7M9,quarterly
N0448,yearly
VLLPK,monthly
35QXE,monthly
IRKA3,monthly
XZOGN,daily
LRG7J,monthly
6S4YU,quarterly
JEJ8D,quarterly
NWJ64,quarterly
XGFKD,yearly
JKO79,quarterly
FM92D,quarterly
OS2TV,monthly
7T86D,daily
Y8XJQ,daily
45C63,weekly
9DY18,monthly
BQPLM,quarterly
PI9JV,once
UF2VN,once
YENHB,weekly
PO9QJ,daily
VR0D4,weekly
5K743,monthly
IAVGO,yearly
22III,monthly
LXUHH,monthly
O0JLA,yearly
8KXXU,quarterly
BD6BQ,weekly
PYIE4,quarterly
J9PPM,monthly
ONMI5,weekly
LVD0D,weekly
D0EYY,daily
PPIPU,yearly
8D1QQ,monthly
JNTBW,yearly
DHU5Q,yearly
5S45K,daily
M2WNE,quarterly
N6YYX,yearly
SDD2W,once
U30F5,daily
IM9N5,daily
MU729,quarterly
XKZZS,yearly
FXT4R,monthly
TQBFW,daily
H5EH2,weekly
LSUAA,weekly
ICZ00,monthly
ZN0U0,monthly
ABSUE,weekly
XCTG5,daily
045RD,weekly
K5KDC,weekly
W30RB,monthly
L677M,weekly
PNXYV,monthly
542YF,daily
89O5V,once
4NNRQ,weekly
UHNOJ,daily
V750Q,daily
M1RI7,quarterly
HSVQZ,yearly
3C3YR,daily
WRVCX,yearly
A19XQ,monthly
3U3CR,yearly
32SXI,yearly
95YRZ,daily
TGZGW,quarterly
N7IF1,daily
L5EQQ,once
R8D0Z,quarterly
AFM21,yearly
KOLM6,quarterly
KS4UU,monthly
VQYGN,weekly
TRUAN,monthly
M3LLB,monthly
JUWYO,yearly
XREZ5,weekly
NTH6Y,weekly
0OXQB,yearly
P7GNH,once
DCTEV,quarterly
05H6L,daily
3ZKE4,quarterly
M1OSG,once
RF5N7,daily
HZIBN,monthly
5GL41,once
SQN6A,monthly
A5QGC,daily
OHUFT,quarterly
8ZBYL,yearly
NAIIX,monthly
0XW9D,weekly
R1HRI,quarterly
4NW3S,yearly
P1RO0,yearly
IN8AP,monthly
MGXIN,once
XPGWK,once
EN6QB,weekly
0UFD8,monthly
4HT2T,quarterly
YNRCB,once
VGI1L,yearly
HKATI,daily
77B24,daily
R0VJY,weekly
WH1MZ,yearly
2V7W9,daily
ZSCPP,yearly
DZ4BZ,monthly
I5NHY,monthly
OZGCM,yearly
VBTLX,monthly
TL2N5,once
WCYSA,yearly
PTP0S,once
DVZ7T,quarterly
ZIZHE,monthly
NKRP6,once
XAG72,yearly
4CAR2,quarterly
UQMSY,once
B4Y2V,monthly
4L03F,weekly
U55ZS,yearly
IXZI0,weekly
2NZNE,yearly
ID80Q,once
5AVP5,daily
KJPWB,monthly
XG1PB,weekly
H1MJD,weekly
THFWC,monthly
Q7TEU,once
S73FI,monthly
16MFZ,weekly
0IXUU,yearly
X5XQZ,quarterly
DP3EN,daily
OD56O,monthly
GTM2E,yearly
POTWG,daily
K63E1,monthly
3UISG,monthly
X26SO,once
8MECR,daily
ZX8TZ,daily
3I633,weekly
V7824,once
1LPZV,quarterly
9J1JV,quarterly
PGRD7,daily
AJWGF,monthly
Z8MR5,weekly
VKZ58,monthly
MFQGX,once
O8DYQ,daily
WCB6Y,monthly
8SBQH,quarterly
A7B86,monthly
EKT83,monthly
M4FF2,once
220YV,weekly
0C5NK,once
M0EKW,daily
OZW2H,monthly
D4CC0,once
VR1RA,daily
F6EW9,daily
DHVWL,once
BU3CD,once
MXSH5,monthly
7J74H,quarterly
IAU01,monthly
QSMFN,weekly
JFNJR,daily
WHATT,quarterly
R3BJL,monthly
KPPI8,monthly
U78VC,monthly
LR320,monthly
53JAC,daily
T3LBZ,daily
FUZII,quarterly
1OTXG,daily
IHJYG,once
3BGXG,quarterly
76I1M,quarterly
B6OWG,yearly
DQ3KI,yearly
UD296,once
6WUM5,daily
Q4DC3,daily
0YPWW,once
40MFQ,once
4R25E,monthly
K24KC,daily
OKHYY,daily
NRSSU,yearly
NAOSI,monthly
WAO8L,daily
KJH8H,yearly
0RIK3,weekly
UXJ7D,quarterly
QEA0D,yearly
15GQU,weekly
I0CTU,monthly
UZS96,quarterly
HQPG5,once
LZV8U,monthly
KVDI5,yearly
9UE21,daily
VA9SH,daily
2WVRA,once
5MSZJ,daily
LLM1D,yearly
NNIAI,quarterly
NU5MP,quarterly
DME55,daily
OBAO1,yearly
EG39H,quarterly
NV7Z7,quarterly
OODKL,once
LFM42,once
DAKVF,daily
B9DWC,quarterly
8LNO2,once
HWBR1,once
T6VJY,quarterly
VCK3Q,quarterly
X4YTY,yearly
JSDUQ,quarterly
EC3PE,once
RO6ZX,monthly
9VSBY,yearly
7UPJJ,daily
Q83P8,once
QHHB6,daily
NMHDW,monthly
KMTRC,daily
3NGDN,daily
AEJ90,weekly
AFLCE,quarterly
2RSLR,once
MEBOE,quarterly
LH7F7,yearly
ALWAL,yearly
3UO3F,quarterly
O4M3J,quarterly
WMI5Y,daily
LOHAC,once
HWOFV,yearly
IWOX0,weekly
ZSCBA,yearly
AWYI6,quarterly
PHL3A,yearly
2A0CU,weekly
AOWCZ,daily
5OI4Z,monthly
7NQA3,daily
JZA8P,weekly
OB6K8,monthly
XSUDA,yearly
QA2OK,yearly
3ENBZ,yearly
CBK8A,once
WBEY8,yearly
HRIGC,yearly
NB5EY,quarterly
2IZJ1,daily
LWOJJ,monthly
W8LR5,yearly
VXDUI,weekly
E6VSK,monthly
RW7DU,daily
838YX,monthly
4HAHJ,once
SQ0VJ,monthly
YDLLW,yearly
RDDXQ,yearly
SPNGA,quarterly
I04YY,yearly
RXRIO,once
S770A,weekly
GKNKA,quarterly
QQ3ZL,monthly
JUTW1,once
WALEW,quarterly
4GA7X,monthly
U2547,weekly
PYZ98,quarterly
2T84X,yearly
HV9TT,once
Q09ON,monthly
CDPFS,monthly
TQXJ6,daily
J3DFZ,daily
AMH7H,once
GJKO5,weekly
HMGSE,once
NBCS0,daily
NCFKQ,monthly
Y681K,weekly
HWFH1,yearly
20UI8,yearly
ZEN6X,quarterly
QYYE2,weekly
9K0AE,once
LUWLF,once
V35BE,yearly
5C7SX,weekly
XFIQL,once
A9XHO,monthly
JYBO1,once
LCK9H,yearly
PBCIG,once
FVVDE,once
N184W,daily
3YLG2,once
ULAQH,once
QIDW5,yearly
K7KT7,once
TT9NJ,monthly
UM8FR,weekly
IWE4S,weekly
WN1H2,monthly
LIGLT,daily
7KNKU,yearly
OCRZE,yearly
I3UR0,once
CCYSP,daily
JAIF8,weekly
R3NYW,once
KBJGH,weekly
YJRT1,monthly
6CECR,weekly
K2CD7,once
NCB4V,daily
ZW3O5,weekly
T9D8D,quarterly
SGBC8,quarterly
AZ5EL,once
U5BEK,once
VUJUT,weekly
1KIJT,once
SZM11,monthly
9EGG6,monthly
GBXRH,monthly
8VEXQ,monthly
IKDP3,once
M6L9X,daily
CQOL1,daily
BNMKU,once
H6NR8,monthly
F1JFB,once
Q4PMS,monthly
T2QLM,yearly
06JW5,monthly
LF8NP,weekly
8SQEH,monthly
POV3M,weekly
1781O,once
JEFEK,yearly
ABDAO,weekly
OIK8F,monthly
712OL,daily
H3PRI,monthly
TVSC3,weekly
DAYO8,weekly
H2FXX,once
3ZE5L,monthly
ICWTQ,yearly
TT0W1,weekly
4PKK1,weekly
I321X,yearly
S90EO,quarterly
GBRYR,daily
QE754,yearly
Y08JO,yearly
UOGGP,monthly
141IG,daily
E70O2,yearly
PKR80,weekly
V88H1,quarterly
MBP8H,monthly
978PI,daily
C3WM3,monthly
JZBH8,weekly
6Z9KH,daily
OID8L,yearly
ONKY3,yearly
URXSK,quarterly
9DXL1,quarterly
B0ITC,yearly
QI3M4,weekly
CT6N6,once
YSC4Z,weekly
WSMKJ,weekly
A3YY2,monthly
16QOC,weekly
B3LMA,quarterly
94OTL,daily
7TK8M,monthly
N1N1D,monthly
8ZFK9,yearly
O9Y4H,quarterly
V9B7X,daily
JLEKB,once
71R03,weekly
5S9UH,weekly
IM0BT,once
0G4NJ,yearly
BJH11,once
XD7VL,yearly
G4CS8,monthly
P7DXM,weekly
7VW18,yearly
KKKVK,quarterly
XDBF4,quarterly
HCGL4,once
2FW3K,once
9KEDJ,yearly
H8RL2,once
D73A7,monthly
XV3QE,daily
950TR,yearly
GDOHG,weekly
RGX5T,quarterly
DZ0HE,yearly
9PIO1,monthly
6LAY9,weekly
MBN9C,weekly
IVQEB,daily
7DWR4,monthly
U6W9R,once
A6E9B,monthly
QCM3U,monthly
ZUXSC,quarterly
0LZIC,monthly
SRJHV,once
AUYX3,yearly
6L094,daily
3G670,daily
XVTB4,daily
N09PN,once
LW5LF,daily
W4XQI,weekly
KN8SR,yearly
JSGI7,daily
M9CV3,daily
PNXYD,daily
Y4RI7,daily
R4RA7,weekly
HH70Q,weekly
3FHD0,daily
6OD70,once
BS0M9,daily
PUJOY,daily
P11QZ,daily
H76S4,once
ROJWJ,daily
L5N97,daily
B08ZK,yearly
8A5PW,monthly
4JDUX,weekly
32MX6,weekly
1AH4D,daily
XBPB3,monthly
Q678Z,once
3DCTL,monthly
Y64EJ,monthly
RZ30S,quarterly
R78FE,monthly
U9OXX,once
RM3Z3,yearly
YW6CY,daily
J84T6,daily
GNUAB,daily
V7T2S,once
K71JR,daily
5AICT,weekly
B3GOJ,yearly
UZVJY,daily
3TVFH,daily
TJKCW,daily
G3590,daily
WKSM6,weekly
MOEMM,weekly
5L6JQ,daily
13E8Y,once
MV9P9,daily
VHQ9W,daily
6BTE7,daily
LOYLH,once
BRASZ,daily
DHUVC,daily
TXCW2,yearly
OODDP,monthly
L0LCG,weekly
0O042,weekly
SZDKQ,daily
N0O4G,monthly
M6CYH,once
BE3B0,monthly
9KQ0N,monthly
M4FTD,quarterly
PR4UC,monthly
A26N8,once
Q4UH5,yearly
3S9SZ,daily
8EMMW,daily
Y7ZH5,daily
GKYH3,once
58O0H,daily
QTYBB,weekly
TB1ES,yearly
MFORO,daily
RGFOT,daily
GMBNE,daily
FMN4Q,daily
6NXK0,weekly
BLBDW,weekly
KTVVR,daily
UTTOV,once
S4XVU,daily
TCBIA,daily
VU638,daily
JJGOO,once
Z09A7,daily
6SXNC,daily
1T3WI,once
