item_id,sport,event_date
0R25W,curling,5/30/2022
XHCBM,hockey,10/22/2022
0CK2E,basketball,6/13/2022
FIAZ0,curling,1/16/2022
LG4ZF,track,4/11/2022
RVVXF,water polo,7/18/2022
EB72M,bobsled,7/8/2022
QVE5Q,hockey,6/7/2022
AOXEJ,track,4/28/2022
7DY0A,gymnastics,7/5/2022
23ANT,rowing,5/20/2022
FCEQT,track,8/15/2022
9135Q,swimming,3/26/2022
OZ9O3,track,7/16/2022
EA352,water polo,2/24/2022
MS263,track,4/20/2022
3JCQV,diving,2/24/2022
ZVR5Z,rowing,10/21/2022
W5DBR,track,2/6/2022
1JA6J,hockey,8/29/2022
3P37K,rowing,4/8/2022
0DTYD,basketball,7/26/2022
30LB3,basketball,10/1/2022
AU395,water polo,8/22/2022
4ZCOP,water polo,2/27/2022
KAYLJ,biathlon,5/1/2022
VPIX6,water polo,2/8/2022
P4ZEQ,biathlon,10/11/2022
CS91C,track,1/29/2022
E189I,track,9/23/2022
0QKV6,track,5/9/2022
J3EE4,basketball,7/3/2022
O5TRO,gymnastics,8/6/2022
MF3MA,curling,2/9/2022
RBWXV,basketball,5/18/2022
BQVIW,rowing,6/18/2022
SCBAR,track,5/3/2022
QANLL,track,8/26/2022
WF1HB,track,9/6/2022
20K0I,hockey,3/21/2022
JJCYH,swimming,8/3/2022
KC47K,ice skating,7/5/2022
4Q6ZI,hockey,6/21/2022
SKTR7,gymnastics,7/22/2022
SECFW,basketball,4/12/2022
PFJZX,swimming,1/25/2022
QUMHP,swimming,8/2/2022
X7HK5,gymnastics,1/6/2022
GK3I5,diving,2/6/2022
1MREI,hockey,10/7/2022
G82UL,curling,6/4/2022
0GMIL,swimming,10/3/2022
KJ9V3,swimming,9/17/2022
P8ENU,biathlon,8/31/2022
ZA1O1,water polo,1/1/2022
YLO9G,ice skating,8/26/2022
HSUVT,water polo,7/11/2022
E3LEH,basketball,5/10/2022
6UPG9,gymnastics,4/5/2022
SBE3R,ice skating,10/11/2022
GIDAQ,diving,5/7/2022
PAXIB,water polo,10/1/2022
4IBZ1,curling,3/16/2022
QG99D,swimming,8/9/2022
A7G8C,track,3/28/2022
MPIAB,biathlon,4/3/2022
N9ZUR,gymnastics,2/25/2022
AE1M5,gymnastics,7/30/2022
1DCCP,ice skating,6/23/2022
8N96T,water polo,2/5/2022
6YDWN,basketball,2/1/2022
B1GUY,ice skating,5/5/2022
XNFUA,basketball,7/17/2022
8WAWB,biathlon,7/10/2022
H9DQU,basketball,2/12/2022
MNNYK,track,4/28/2022
3TBV8,track,8/3/2022
7JTSO,diving,4/24/2022
14NRE,diving,10/2/2022
ZSBPW,track,2/18/2022
AZQPB,gymnastics,8/1/2022
IO9A8,swimming,5/10/2022
4D0LB,bobsled,7/29/2022
ZE5UW,track,3/20/2022
IDTQO,bobsled,8/23/2022
PJNV0,bobsled,8/1/2022
87LAG,bobsled,8/17/2022
OH7OM,track,4/22/2022
CTNHQ,hockey,6/22/2022
V1GC5,ice skating,2/5/2022
X731M,curling,8/20/2022
MA6TG,track,5/30/2022
0H0VO,water polo,5/4/2022
J0ZOG,basketball,8/12/2022
4BPBH,biathlon,4/5/2022
OULCD,rowing,4/23/2022
LHOIF,track,3/13/2022
WGXV7,curling,3/15/2022
OQDAW,track,3/14/2022
LMM8X,swimming,1/13/2022
UY3GI,ice skating,8/26/2022
Q4C84,curling,9/13/2022
RJWPA,gymnastics,4/11/2022
3S4UT,gymnastics,7/5/2022
4PHIJ,hockey,1/27/2022
R6Y2G,swimming,2/4/2022
AO8EP,bobsled,9/21/2022
D4IM1,swimming,10/22/2022
SIBPI,basketball,2/20/2022
GOE8P,curling,2/28/2022
AXHYW,track,1/16/2022
Z0C1D,track,2/1/2022
7TCUA,track,9/29/2022
MOX4X,curling,7/29/2022
ZMDY7,basketball,9/23/2022
DFJHG,swimming,6/1/2022
YN8XN,biathlon,10/1/2022
UKAT1,rowing,7/23/2022
YCIGI,basketball,7/22/2022
U9HPM,gymnastics,4/2/2022
DZZRB,gymnastics,3/25/2022
98C0U,curling,9/21/2022
AJQOT,diving,8/18/2022
CRABF,diving,6/12/2022
G21H1,bobsled,8/14/2022
FFWFY,diving,4/17/2022
OILYK,track,6/24/2022
44923,track,7/11/2022
79R94,basketball,9/7/2022
5N1UB,rowing,9/29/2022
MXHUI,bobsled,5/19/2022
FF1UT,biathlon,2/1/2022
UTU5E,hockey,5/6/2022
5PBVE,rowing,8/26/2022
EG4WN,basketball,2/14/2022
PWBIN,curling,7/8/2022
ERTIA,bobsled,8/16/2022
PCTT5,bobsled,9/2/2022
MOEMV,track,5/11/2022
N9LIS,track,3/15/2022
MA5IZ,ice skating,4/5/2022
DX4SO,track,1/7/2022
S994H,gymnastics,10/12/2022
E9ENZ,swimming,4/16/2022
EEB2W,ice skating,2/15/2022
WBROM,curling,10/1/2022
71FPL,bobsled,3/27/2022
XJ0TX,water polo,5/25/2022
JYKNH,bobsled,3/8/2022
ENQNI,diving,5/10/2022
ZA7ZF,bobsled,6/15/2022
1DV6D,ice skating,1/25/2022
9YGH1,diving,2/9/2022
BTHO1,gymnastics,2/26/2022
7K20Z,hockey,9/28/2022
YJKDK,biathlon,3/26/2022
71TIS,diving,1/18/2022
XC7KO,hockey,8/11/2022
EQTUF,gymnastics,9/4/2022
HAPZ0,hockey,7/27/2022
L14C3,water polo,8/22/2022
T6CZ1,swimming,9/22/2022
V0GBB,basketball,1/29/2022
1WF7C,hockey,1/11/2022
1PE4F,water polo,2/18/2022
HAEFF,biathlon,9/4/2022
9UJMF,hockey,3/15/2022
ZHMK7,water polo,8/24/2022
VMGO3,bobsled,8/12/2022
517TB,ice skating,2/16/2022
98XXX,hockey,6/1/2022
JSDNR,gymnastics,2/5/2022
RGKTA,track,5/24/2022
89TKA,diving,2/15/2022
HVYMM,basketball,1/15/2022
H0OLZ,swimming,3/17/2022
449GT,water polo,3/13/2022
O38OQ,bobsled,10/6/2022
4RFEL,swimming,2/18/2022
PKPEE,diving,7/6/2022
5B57Y,diving,3/23/2022
6NUTC,basketball,10/10/2022
PC3V0,basketball,1/24/2022
8.80E+79,track,9/21/2022
8AMVX,bobsled,1/9/2022
X39UG,ice skating,7/31/2022
5LZMS,bobsled,6/15/2022
POY3P,water polo,8/30/2022
S9DYD,ice skating,2/9/2022
3FGDK,water polo,4/11/2022
M60GM,track,1/28/2022
HZME1,track,3/27/2022
86J10,ice skating,1/28/2022
A8E1X,rowing,9/9/2022
MHD0Q,swimming,4/27/2022
Y3J4Q,ice skating,5/17/2022
F8KHW,hockey,6/19/2022
DV2JH,ice skating,3/12/2022
EHP5D,water polo,1/24/2022
BICLS,diving,7/15/2022
7BZYJ,biathlon,7/1/2022
VZMFL,curling,1/16/2022
7SBE9,curling,8/20/2022
50QB5,curling,2/9/2022
WODHB,ice skating,9/29/2022
0B8XT,water polo,6/1/2022
A969W,curling,3/19/2022
O0B6O,diving,4/12/2022
EN4KH,track,5/20/2022
JS2WX,diving,10/12/2022
X4SF8,track,7/2/2022
HDAEM,biathlon,8/10/2022
LAYKD,gymnastics,3/7/2022
1VH69,water polo,9/28/2022
4BBCP,ice skating,9/19/2022
IZAP2,track,3/20/2022
W4E15,curling,10/26/2022
C9UA3,biathlon,1/23/2022
NJEVC,biathlon,9/20/2022
LQW6M,diving,3/3/2022
EOTQ7,biathlon,3/4/2022
HWUD0,rowing,5/13/2022
QE3KP,bobsled,7/25/2022
CZ8HX,diving,4/8/2022
LJMY9,gymnastics,2/15/2022
L6KPB,biathlon,8/20/2022
8E6QR,gymnastics,6/21/2022
86HO3,ice skating,9/16/2022
QMOL0,biathlon,3/9/2022
6MR70,bobsled,1/6/2022
SP4KO,hockey,7/3/2022
FE2RM,diving,9/22/2022
WV980,basketball,6/9/2022
KVOTC,biathlon,8/10/2022
E5TLF,curling,7/17/2022
S92A7,biathlon,5/1/2022
ZYGHY,basketball,9/10/2022
CBIYN,basketball,5/19/2022
U4BJK,rowing,5/31/2022
N5KKG,hockey,9/13/2022
5L1SE,biathlon,4/8/2022
6BI4A,track,3/1/2022
UJIC0,diving,8/6/2022
2MPE1,swimming,9/26/2022
HFAD6,water polo,1/5/2022
CYKJ0,bobsled,6/27/2022
5PELH,swimming,10/15/2022
2NXQQ,diving,1/31/2022
UVTFY,track,5/11/2022
9T4E4,rowing,10/15/2022
L5KX7,curling,1/18/2022
MF0WA,rowing,7/31/2022
SXABC,swimming,4/20/2022
72VJO,track,2/22/2022
KGJ1R,curling,4/4/2022
M6MAB,swimming,10/23/2022
4PIWB,curling,7/7/2022
OR6CA,water polo,5/17/2022
ZYM3V,ice skating,8/25/2022
6XBIN,water polo,4/22/2022
M1SOB,gymnastics,9/19/2022
YLA7I,basketball,5/20/2022
Q6IU9,bobsled,8/18/2022
IDIVW,diving,9/4/2022
0PIVS,basketball,8/30/2022
FKHGC,water polo,2/21/2022
R8XD6,track,10/5/2022
OXCW7,swimming,5/1/2022
N1OKM,curling,5/31/2022
VC047,track,10/18/2022
QGIIL,gymnastics,6/10/2022
L6MYM,track,9/10/2022
THOFT,diving,2/1/2022
32DPW,hockey,1/1/2022
R49SU,hockey,8/19/2022
5R4I1,rowing,3/16/2022
NSDCV,diving,9/29/2022
L8XDE,rowing,5/10/2022
VF9IR,swimming,3/4/2022
7BW0K,diving,4/3/2022
NFUD2,track,3/28/2022
CW3VM,track,9/5/2022
GZGXH,ice skating,6/24/2022
6QQBT,swimming,5/28/2022
Q0QAB,gymnastics,10/3/2022
BWOQ1,ice skating,9/19/2022
MX47G,water polo,8/9/2022
F71CH,track,6/10/2022
IROQR,basketball,1/13/2022
45M4U,track,6/6/2022
4J9W6,track,9/30/2022
YG3TD,biathlon,8/9/2022
9XJ21,diving,6/12/2022
KYOO6,track,10/27/2022
GS39K,swimming,9/15/2022
MXHLC,curling,10/3/2022
IU07A,gymnastics,1/19/2022
7CBG0,ice skating,3/6/2022
IUC4E,biathlon,6/22/2022
A3FNT,ice skating,1/25/2022
HSI5F,track,4/11/2022
86Z22,hockey,9/30/2022
NHY1E,hockey,3/3/2022
17T1F,track,6/23/2022
SPDE8,basketball,7/24/2022
40RIR,water polo,7/9/2022
SRP68,diving,8/7/2022
5512V,basketball,8/23/2022
12OVC,track,10/21/2022
MLPZH,track,1/1/2022
8PYN9,gymnastics,1/16/2022
I959G,track,7/12/2022
PMYLA,hockey,5/7/2022
Q4HF2,ice skating,5/2/2022
7S0TF,ice skating,7/1/2022
0IU24,track,1/20/2022
ZLWIW,bobsled,6/11/2022
HKIAS,gymnastics,3/15/2022
B5P6G,gymnastics,8/2/2022
3QBH9,biathlon,9/3/2022
1YWN5,diving,2/2/2022
PHGIR,track,10/9/2022
SW7JG,ice skating,2/20/2022
1H6N2,ice skating,1/6/2022
KSV66,curling,6/6/2022
VG4BW,hockey,9/21/2022
XNHR2,swimming,6/12/2022
01JMW,curling,5/3/2022
P1R5X,track,1/2/2022
BJCEC,curling,3/24/2022
JCA6V,track,1/6/2022
TDN3C,basketball,10/6/2022
8Z93A,diving,10/21/2022
ZGXFX,water polo,1/1/2022
J1DZW,rowing,9/20/2022
7VSS3,track,7/25/2022
5OPDW,track,8/26/2022
3SY96,water polo,2/7/2022
CH4W9,basketball,3/15/2022
DSW5S,swimming,2/16/2022
XV5IR,rowing,8/25/2022
40K8N,water polo,9/10/2022
L6X5M,curling,3/19/2022
V2ZEU,track,4/28/2022
07V5T,bobsled,4/19/2022
IQLX8,basketball,9/25/2022
4LOD5,swimming,3/12/2022
SWL1T,diving,2/8/2022
WMJFN,rowing,7/4/2022
YR9IC,rowing,6/4/2022
WLVJ0,bobsled,9/1/2022
AXHYM,diving,2/1/2022
0BO2O,biathlon,4/17/2022
VIIEZ,hockey,6/25/2022
72JMT,curling,2/14/2022
H3AP5,curling,4/10/2022
SBTS3,ice skating,2/21/2022
6ONT7,gymnastics,9/11/2022
K4I4E,curling,7/22/2022
STRHR,hockey,9/10/2022
JCYTW,diving,9/8/2022
QZGDR,diving,5/15/2022
XIUN3,curling,2/14/2022
SLMRC,track,3/1/2022
SLGWH,gymnastics,4/19/2022
6VUTG,basketball,1/8/2022
MF8L6,hockey,1/17/2022
D2YZU,curling,1/16/2022
OTH73,water polo,3/21/2022
UKPIZ,diving,9/22/2022
TSWBL,diving,4/11/2022
ARECL,curling,8/5/2022
BLDW8,diving,5/3/2022
SMF4Q,track,5/23/2022
23E9N,rowing,8/9/2022
QQY9T,water polo,1/17/2022
1F2WB,curling,10/18/2022
YR8F8,hockey,9/30/2022
VOXMZ,biathlon,8/24/2022
E7MQ8,track,9/12/2022
GQIKI,biathlon,7/12/2022
ZZ626,biathlon,10/4/2022
XKKQR,bobsled,9/8/2022
K5BJQ,rowing,6/28/2022
Y7Q5S,rowing,9/6/2022
1DFNM,track,6/19/2022
ELW3Y,water polo,5/25/2022
DEAQN,swimming,7/28/2022
JQHWB,track,3/11/2022
IEV85,hockey,3/22/2022
N0VQZ,swimming,5/26/2022
CTRTQ,hockey,8/17/2022
0QXLG,ice skating,4/24/2022
7GWUV,biathlon,1/4/2022
19I2N,bobsled,2/23/2022
1Z8RF,bobsled,2/28/2022
7AMT8,bobsled,4/16/2022
ESXRJ,bobsled,5/10/2022
QUTVA,bobsled,5/12/2022
6J2TE,gymnastics,5/23/2022
AYLHV,diving,10/7/2022
T1TKT,biathlon,2/6/2022
8VV8A,diving,5/12/2022
S3HEZ,basketball,8/29/2022
9XRRW,swimming,1/14/2022
NW8ZP,curling,1/17/2022
A8WBF,water polo,4/15/2022
HX2ZN,rowing,3/5/2022
QCGTB,rowing,2/28/2022
N6Y1Y,diving,8/15/2022
ZN492,basketball,4/23/2022
C18NM,hockey,5/21/2022
OMQ1K,hockey,6/3/2022
JJPIH,hockey,8/2/2022
I0BII,swimming,2/20/2022
F57GW,diving,4/24/2022
BG2CK,basketball,2/14/2022
DSFUG,rowing,7/5/2022
ENMWP,ice skating,10/11/2022
PMWW2,water polo,4/4/2022
L4HGB,bobsled,1/19/2022
BU6RF,curling,4/30/2022
U5GKQ,basketball,3/11/2022
25IZ5,hockey,7/23/2022
T4784,water polo,10/10/2022
EDVEB,track,1/28/2022
BME8V,rowing,4/28/2022
8T4O7,track,5/8/2022
26GYQ,biathlon,4/27/2022
CNQSA,diving,6/11/2022
M8088,hockey,2/12/2022
I7DTD,rowing,2/8/2022
8M6OQ,bobsled,8/6/2022
ODLOD,ice skating,7/6/2022
NL6K0,swimming,7/4/2022
C6AJ6,track,5/14/2022
WLJQ5,gymnastics,2/18/2022
EHTYD,biathlon,7/6/2022
2Y97I,hockey,2/15/2022
F68QC,biathlon,9/29/2022
QEHD9,curling,7/13/2022
XRXTP,swimming,6/15/2022
OM3LA,bobsled,1/15/2022
MWQUW,ice skating,4/28/2022
12BCK,track,5/11/2022
ISUC7,track,10/13/2022
XYEZS,gymnastics,9/24/2022
IZQ4T,bobsled,3/2/2022
RD6PC,bobsled,3/6/2022
WASXQ,gymnastics,9/1/2022
T2WSE,rowing,8/8/2022
PXFWG,hockey,5/26/2022
R3HOK,diving,9/6/2022
1V84A,basketball,2/3/2022
KHO60,basketball,1/26/2022
16GET,hockey,2/2/2022
8SIX0,diving,3/18/2022
KGRKR,track,10/19/2022
XUHWH,rowing,3/27/2022
FU8C8,rowing,1/24/2022
KR12D,swimming,5/30/2022
H1U55,track,1/4/2022
G0YO4,curling,2/8/2022
L6KU7,water polo,6/2/2022
4MMSZ,diving,8/5/2022
XWGLM,gymnastics,7/21/2022
DH3NX,water polo,4/23/2022
FTUGA,curling,6/24/2022
KVQYU,diving,7/9/2022
87VYE,track,8/16/2022
XVC1J,curling,10/5/2022
S6BDR,bobsled,9/21/2022
C9HF3,water polo,3/26/2022
FBDW7,biathlon,6/14/2022
95MVD,track,2/2/2022
7ND8K,biathlon,5/24/2022
IW0J0,hockey,3/27/2022
CPTF5,diving,4/12/2022
QA9T9,gymnastics,8/16/2022
0BDJF,track,3/6/2022
594BG,track,6/17/2022
ZL95H,ice skating,3/16/2022
GX6H9,water polo,5/20/2022
8PC6Z,ice skating,2/14/2022
GPVL7,swimming,1/25/2022
65J4R,hockey,9/30/2022
YOBR0,hockey,1/11/2022
3NGB6,water polo,7/24/2022
LN2IP,basketball,6/25/2022
HKGD4,hockey,10/20/2022
5K8GZ,hockey,9/20/2022
N6NZ5,diving,3/20/2022
74H9D,diving,2/16/2022
0ILVD,biathlon,7/13/2022
UDVEB,diving,6/4/2022
6GO5A,curling,4/10/2022
73V9Q,bobsled,3/22/2022
5E47O,track,9/6/2022
M30ZX,water polo,1/17/2022
869EG,gymnastics,8/31/2022
N9LJW,gymnastics,2/26/2022
H94MO,diving,2/10/2022
WD939,biathlon,3/18/2022
36413,gymnastics,6/28/2022
E6KWK,basketball,5/27/2022
QYR18,gymnastics,5/21/2022
UZVYN,bobsled,8/1/2022
J9SV0,biathlon,2/28/2022
TBR88,diving,2/10/2022
9X87Y,swimming,8/20/2022
KBL3I,curling,7/9/2022
TREMP,biathlon,2/27/2022
V4DM9,diving,8/7/2022
BAK0R,basketball,6/7/2022
L7TGG,track,9/5/2022
ZVPSL,curling,9/22/2022
FTXI2,bobsled,6/14/2022
DAO0F,water polo,7/22/2022
T1N4Z,gymnastics,7/12/2022
K66A1,rowing,9/21/2022
7H8HN,gymnastics,5/6/2022
PT4H8,water polo,7/13/2022
LPMI8,biathlon,7/13/2022
31CW1,ice skating,9/4/2022
MLZ88,diving,9/18/2022
7B8CN,diving,3/20/2022
VR6OW,curling,7/30/2022
ZXQ62,track,8/25/2022
9O6WN,swimming,3/26/2022
JXD9N,track,1/4/2022
P766C,curling,5/13/2022
MPALC,bobsled,10/2/2022
3V1FD,diving,10/18/2022
SMWY3,swimming,5/4/2022
06TT6,track,5/5/2022
KY86H,swimming,1/14/2022
19IGV,water polo,7/23/2022
TKCP9,rowing,2/27/2022
PNY5F,bobsled,4/10/2022
J0RLJ,water polo,8/23/2022
2MVW8,diving,3/2/2022
8C2N4,track,5/28/2022
JA7CS,track,8/15/2022
J1LPC,track,4/25/2022
U21HI,curling,10/6/2022
O0EN8,track,10/2/2022
3NCX0,track,7/2/2022
6HX5W,basketball,1/26/2022
Y7POK,bobsled,2/2/2022
2XIBM,track,7/20/2022
YT2V9,bobsled,1/16/2022
C0XJ1,track,1/26/2022
Q3423,basketball,3/29/2022
K3GZ3,hockey,2/20/2022
2M3IA,biathlon,1/16/2022
QW9NQ,biathlon,4/27/2022
LHQ0Z,track,1/6/2022
ZCZOB,basketball,10/22/2022
2DG0K,water polo,6/24/2022
VFE10,basketball,5/9/2022
G8JAV,swimming,3/4/2022
3WZFD,water polo,2/27/2022
F5VPL,bobsled,9/12/2022
60S96,rowing,6/28/2022
3CBUE,gymnastics,5/25/2022
U6A3K,diving,7/16/2022
VCBZD,water polo,5/29/2022
7HA9H,bobsled,7/25/2022
BOJEE,water polo,7/15/2022
WMVNR,biathlon,1/14/2022
9MRVL,water polo,8/11/2022
AO8MT,track,2/5/2022
EKSU4,biathlon,9/21/2022
3GGQF,curling,7/21/2022
O6N2S,water polo,10/22/2022
PUDUJ,biathlon,8/22/2022
WZFBO,gymnastics,1/30/2022
PCMU7,swimming,10/18/2022
96ELI,ice skating,6/15/2022
01HJM,basketball,10/21/2022
PD8NX,basketball,3/22/2022
ZKAVF,hockey,4/23/2022
4GP4B,hockey,7/27/2022
J26P1,swimming,8/21/2022
O0USN,bobsled,6/12/2022
T53L6,swimming,7/7/2022
9FYAX,rowing,5/31/2022
Z8ZZN,track,8/24/2022
0M1IY,bobsled,8/16/2022
ZA0MC,hockey,4/1/2022
2KXP4,biathlon,1/8/2022
LG7CT,gymnastics,9/13/2022
UN2TJ,biathlon,1/1/2022
UY1XI,gymnastics,10/15/2022
EKP5V,bobsled,3/12/2022
WEF0G,water polo,4/28/2022
C657C,rowing,7/16/2022
PRRK9,gymnastics,8/10/2022
2HI3Q,basketball,4/9/2022
HXX19,ice skating,5/10/2022
M5IPY,water polo,1/26/2022
L3CDY,water polo,7/11/2022
F5BQE,basketball,4/12/2022
GEKYL,swimming,4/28/2022
67D42,hockey,10/28/2022
DST27,water polo,6/8/2022
EM6SX,basketball,5/30/2022
P3LCR,ice skating,5/30/2022
0KXEW,swimming,1/25/2022
PLLIM,ice skating,3/5/2022
BHCJY,track,9/6/2022
C47IM,basketball,2/19/2022
480VS,gymnastics,4/3/2022
DXY24,swimming,4/22/2022
HAL08,hockey,10/11/2022
L4PLD,swimming,5/10/2022
Q2B50,track,1/22/2022
E6L10,swimming,1/14/2022
BBT39,curling,7/6/2022
31SE6,hockey,6/12/2022
OEIEW,hockey,2/24/2022
Z70WB,swimming,7/11/2022
WQZCZ,bobsled,8/22/2022
KANQZ,ice skating,10/6/2022
V5Q8G,curling,2/1/2022
HINC2,bobsled,9/19/2022
X12KD,water polo,9/29/2022
VZBXJ,swimming,2/28/2022
RP89C,bobsled,5/18/2022
UY4JZ,track,6/9/2022
YL8IR,track,1/14/2022
0WM75,water polo,8/26/2022
IP4GF,rowing,7/1/2022
EYIXO,hockey,5/31/2022
TX291,biathlon,6/28/2022
40Q0T,diving,1/19/2022
2M1ZR,bobsled,2/9/2022
NI9KG,gymnastics,7/2/2022
ATJC9,basketball,2/28/2022
CF7VH,basketball,1/8/2022
1BZKW,swimming,1/13/2022
NM4I2,biathlon,8/21/2022
P7FSM,hockey,8/28/2022
YYHGF,diving,2/21/2022
5DN5Q,track,9/2/2022
J6M8Y,water polo,5/6/2022
9BC05,rowing,2/10/2022
0OLL3,swimming,9/29/2022
F4GR8,track,8/2/2022
99EN4,track,9/10/2022
JAQJN,track,5/15/2022
CL0BZ,bobsled,3/17/2022
L0BCI,hockey,5/29/2022
W4ZNC,track,7/10/2022
S8RTG,water polo,2/13/2022
5980E,water polo,1/24/2022
J1AA8,hockey,8/25/2022
4STI3,diving,9/30/2022
MQ2GA,hockey,7/1/2022
AOREC,track,8/27/2022
V0Q2B,hockey,9/3/2022
E7OA3,water polo,5/12/2022
KG6AB,biathlon,9/10/2022
K9G6O,biathlon,2/18/2022
PJZ1W,water polo,9/23/2022
R2B8M,ice skating,10/5/2022
SUVQD,track,8/30/2022
O061O,rowing,4/26/2022
LRCM7,biathlon,2/19/2022
44T8U,diving,5/31/2022
PMHON,biathlon,4/25/2022
TT1QP,rowing,10/17/2022
VW4YY,ice skating,9/22/2022
8HGRX,bobsled,2/17/2022
PGT57,track,7/21/2022
2CCN5,curling,3/15/2022
X2NY2,track,1/15/2022
XRCV3,biathlon,6/2/2022
GC0IH,track,6/22/2022
U4IAW,track,5/25/2022
N8IA7,ice skating,10/21/2022
I4PMP,diving,3/15/2022
F5V7W,biathlon,6/26/2022
H7D5V,hockey,5/19/2022
099DU,gymnastics,9/3/2022
97W15,swimming,1/30/2022
GL6X6,bobsled,1/18/2022
B907L,biathlon,1/16/2022
28HZ7,track,7/8/2022
RCBHZ,gymnastics,4/10/2022
UU8NP,diving,1/11/2022
NOTFS,water polo,7/21/2022
0GC5U,swimming,9/16/2022
B92EA,hockey,8/10/2022
O6X36,curling,8/11/2022
FI40I,basketball,3/25/2022
P5ZX9,track,3/31/2022
E0NFB,bobsled,2/6/2022
CMH3T,curling,9/1/2022
9J8OG,ice skating,7/15/2022
04AG5,biathlon,9/29/2022
OKLPO,hockey,7/23/2022
GWC4S,basketball,6/13/2022
SHNIG,biathlon,7/16/2022
ECDFV,swimming,4/29/2022
5PFNQ,diving,2/14/2022
KE1XM,curling,2/26/2022
2LVZE,hockey,6/15/2022
IJEVL,rowing,8/8/2022
0JAY5,gymnastics,6/13/2022
YKDO4,ice skating,2/2/2022
IHWMS,curling,2/10/2022
ZB7Y4,gymnastics,6/11/2022
L143U,water polo,1/25/2022
UAELZ,biathlon,2/8/2022
2ZSB9,curling,6/11/2022
VAFMO,track,10/28/2022
EJN0A,gymnastics,3/2/2022
TI3XK,track,10/13/2022
3KMKD,track,1/12/2022
XRO3I,rowing,6/23/2022
G6LJB,diving,6/17/2022
WC07K,bobsled,9/24/2022
3QOGA,swimming,6/11/2022
GCVOR,curling,1/12/2022
KXLWS,bobsled,7/12/2022
VQ2PR,track,5/7/2022
UFJHF,ice skating,10/8/2022
XY5GO,track,4/9/2022
M7R3X,ice skating,1/31/2022
F6H5A,track,5/17/2022
PQB34,track,1/28/2022
650HP,basketball,2/17/2022
MTBL8,bobsled,5/20/2022
M7W3L,hockey,9/26/2022
NHKE3,diving,1/12/2022
OMXC8,ice skating,5/15/2022
UFART,track,5/16/2022
12L1Q,swimming,3/11/2022
QZU3V,gymnastics,1/4/2022
L0MPT,ice skating,3/31/2022
HH6BI,track,5/23/2022
XWF8Q,rowing,1/28/2022
VWAPL,basketball,8/20/2022
6D2JW,curling,3/22/2022
1BO43,gymnastics,1/2/2022
KQ2WO,diving,3/21/2022
QF4O7,track,9/13/2022
97FVH,curling,9/19/2022
57F8O,rowing,10/12/2022
2G8O9,ice skating,2/17/2022
0RO4P,hockey,10/18/2022
KY3KK,ice skating,1/3/2022
C8LVX,diving,4/24/2022
IVOJV,swimming,5/24/2022
FK2UR,water polo,9/25/2022
T3ITR,ice skating,1/10/2022
ZHNQD,diving,8/23/2022
FPABM,diving,4/1/2022
4V8US,diving,2/25/2022
VRK3B,ice skating,6/26/2022
KS0EP,basketball,2/13/2022
UEMJP,basketball,7/5/2022
WTVJN,biathlon,5/14/2022
KS5LP,bobsled,10/2/2022
VE2CV,track,4/11/2022
5194S,biathlon,2/20/2022
SR3P5,gymnastics,1/11/2022
CUHMW,rowing,3/22/2022
37ZPB,basketball,5/21/2022
KGJNE,track,5/11/2022
CCC53,biathlon,7/3/2022
J2A6K,bobsled,4/24/2022
CWVT6,ice skating,4/26/2022
I94M9,bobsled,8/3/2022
TKOY4,diving,9/4/2022
R1B03,track,5/7/2022
WVQAG,curling,3/13/2022
8FARI,ice skating,8/19/2022
ZK6X3,water polo,2/1/2022
HMQHC,hockey,2/9/2022
L7F0M,ice skating,7/27/2022
31ZNL,diving,8/14/2022
QHO03,track,4/30/2022
D6C70,gymnastics,3/2/2022
CDUI4,track,5/27/2022
77TGR,diving,2/27/2022
DFOCE,ice skating,2/18/2022
OBNUC,track,3/28/2022
8DJ3G,water polo,5/3/2022
A959Q,water polo,7/17/2022
IUE4A,swimming,4/5/2022
PKTOH,curling,4/2/2022
HIBJ0,biathlon,10/21/2022
23442,diving,3/13/2022
LQMYQ,bobsled,4/24/2022
1B9KA,rowing,5/25/2022
4N88L,track,6/13/2022
1LM97,gymnastics,9/15/2022
T6J97,ice skating,1/18/2022
HEV25,hockey,2/21/2022
NNYKY,diving,8/22/2022
4BOKQ,swimming,1/8/2022
I9E3V,bobsled,6/2/2022
NG72O,diving,1/31/2022
VEUWA,water polo,9/30/2022
7ARMD,curling,1/29/2022
66JDE,hockey,2/21/2022
03YTZ,gymnastics,6/13/2022
NNBNV,swimming,4/27/2022
UG30S,hockey,8/2/2022
U7DGF,rowing,6/11/2022
DMJBB,hockey,10/15/2022
8G9DC,gymnastics,2/25/2022
T9YPP,basketball,8/18/2022
DSQOM,water polo,6/13/2022
D6HD3,track,4/26/2022
OVGF2,rowing,9/5/2022
MAS6Q,track,5/18/2022
2N583,basketball,2/2/2022
7P0GU,swimming,4/7/2022
VY3QI,ice skating,6/22/2022
11WU4,curling,9/3/2022
3008K,track,5/24/2022
QMTJ8,biathlon,9/5/2022
0NSX0,track,7/25/2022
EWGNX,track,1/23/2022
1X7XJ,hockey,5/27/2022
MR5BC,diving,6/8/2022
TPTJW,rowing,1/4/2022
VA3K7,biathlon,6/12/2022
KQL59,gymnastics,10/10/2022
PD85I,track,5/5/2022
TP7CE,diving,6/21/2022
B8MVR,curling,3/21/2022
JI96N,biathlon,5/25/2022
2PVM6,ice skating,4/24/2022
UDGAO,track,7/2/2022
6QST3,gymnastics,2/5/2022
7ZU53,hockey,3/14/2022
UJVUU,hockey,2/12/2022
RZKY2,rowing,4/18/2022
AFAKG,swimming,2/13/2022
MTFR2,diving,8/5/2022
HBMTH,diving,8/24/2022
7AGKZ,swimming,9/25/2022
RTOHI,hockey,9/30/2022
6EKWH,diving,6/23/2022
5MD2U,diving,6/4/2022
R2G5A,curling,3/13/2022
GI5PQ,swimming,10/26/2022
0PA2J,gymnastics,6/13/2022
55GVK,diving,6/17/2022
BWXT8,diving,3/9/2022
FYCNQ,hockey,4/7/2022
42W36,track,6/26/2022
IP22K,track,5/13/2022
UM9XB,hockey,7/23/2022
LQK5J,rowing,2/25/2022
VTLKP,track,5/19/2022
HDG1P,swimming,6/29/2022
0RN52,track,9/3/2022
58030,bobsled,9/5/2022
NB4I0,curling,2/3/2022
P0YW8,gymnastics,7/7/2022
I8L5K,water polo,10/21/2022
52RBK,bobsled,3/21/2022
GVYOR,gymnastics,4/25/2022
IGS26,rowing,1/1/2022
AB0N5,bobsled,9/29/2022
OWX9F,hockey,6/24/2022
6676O,swimming,8/29/2022
A7E09,hockey,6/29/2022
E4KM4,basketball,1/4/2022
PMOE1,track,3/26/2022
IY7JQ,water polo,4/26/2022
E0SO8,bobsled,2/14/2022
I3UUY,hockey,10/26/2022
0AIAC,rowing,9/2/2022
NBR3U,basketball,4/27/2022
CGXGY,basketball,7/31/2022
AJH58,biathlon,8/25/2022
YZ5DB,water polo,3/2/2022
91H0I,curling,6/14/2022
KTHM1,water polo,10/2/2022
SVMX2,biathlon,10/19/2022
628RH,biathlon,7/3/2022
2QXWG,gymnastics,2/5/2022
HGXV1,gymnastics,9/21/2022
PKB2B,rowing,7/13/2022
IBJQX,bobsled,10/23/2022
XYJGV,biathlon,4/1/2022
41BHM,basketball,7/31/2022
QB2K8,swimming,10/23/2022
EDOMX,diving,6/7/2022
WFJT9,gymnastics,4/19/2022
H2FXG,diving,9/3/2022
1T8ZY,biathlon,1/9/2022
BN6M8,bobsled,2/16/2022
R5IHO,basketball,4/15/2022
JU2R6,hockey,9/17/2022
N86JK,bobsled,1/16/2022
O4GP1,hockey,1/1/2022
R9HZ5,biathlon,4/10/2022
M2FAP,diving,6/4/2022
PUKC2,ice skating,7/24/2022
BLQD6,biathlon,8/14/2022
CEZDK,bobsled,10/3/2022
OSVJ1,hockey,6/3/2022
XXUZ4,ice skating,6/22/2022
E81O3,curling,2/9/2022
Q5I8H,water polo,10/17/2022
695U4,swimming,4/9/2022
13FMT,biathlon,5/18/2022
7EUCJ,track,4/21/2022
TATTA,gymnastics,10/21/2022
SAGSK,basketball,9/19/2022
PLHBC,bobsled,3/18/2022
EHZRI,biathlon,8/20/2022
D2NAX,bobsled,2/3/2022
GV5IY,track,1/14/2022
6G1TQ,track,1/28/2022
7R8XE,ice skating,4/12/2022
86YME,swimming,4/29/2022
AJUT4,water polo,7/27/2022
IEGVA,gymnastics,5/13/2022
ANQ3I,diving,2/15/2022
7538U,rowing,7/25/2022
VQWPI,track,4/7/2022
8EBKP,hockey,10/23/2022
MTLKP,track,3/5/2022
W89SD,ice skating,1/27/2022
1MXMZ,gymnastics,6/11/2022
WQJJF,rowing,4/23/2022
PKL13,biathlon,4/20/2022
JL75J,diving,7/21/2022
41LJI,water polo,2/22/2022
N53AK,bobsled,8/11/2022
06KHT,rowing,7/23/2022
T1R5T,hockey,9/1/2022
CBIU8,swimming,3/23/2022
9FED9,basketball,7/26/2022
FXXSQ,curling,2/10/2022
OJUZ4,rowing,6/9/2022
9I4JG,swimming,9/4/2022
R099G,ice skating,7/31/2022
IQIBN,rowing,6/6/2022
P3U67,track,10/15/2022
3OWCP,track,4/19/2022
W8549,track,4/24/2022
ONH6R,basketball,6/21/2022
0DJS4,swimming,5/25/2022
2OSVX,ice skating,8/9/2022
MP7WL,curling,9/2/2022
WLPG8,track,2/23/2022
VGIZS,swimming,3/2/2022
P3DEP,biathlon,2/17/2022
XY5XQ,ice skating,9/28/2022
QYRZB,gymnastics,2/16/2022
D2QH3,curling,5/29/2022
KZPV9,track,6/5/2022
BUZU0,curling,8/18/2022
N108C,rowing,7/1/2022
ALP68,ice skating,2/24/2022
2TYUZ,bobsled,8/6/2022
D8Y7I,gymnastics,9/17/2022
FTW8S,hockey,4/27/2022
ZNU5M,curling,5/18/2022
4RGPP,bobsled,9/3/2022
MEDLR,gymnastics,7/3/2022
UNU18,biathlon,10/16/2022
K2D3B,ice skating,6/11/2022
6IFF5,bobsled,3/26/2022
UGIZI,ice skating,7/5/2022
JEBYM,track,7/9/2022
9HWOZ,basketball,9/27/2022
H9394,rowing,7/14/2022
44UZZ,track,5/4/2022
DCIAL,curling,7/11/2022
VIBDQ,rowing,9/11/2022
K0HC1,biathlon,1/24/2022
DNQ6X,water polo,6/22/2022
O9RS8,diving,4/27/2022
7UC6L,biathlon,2/25/2022
RPCTM,track,10/17/2022
ITU7O,gymnastics,7/12/2022
AVFH8,bobsled,1/21/2022
EKSVB,gymnastics,8/30/2022
98S1B,track,3/25/2022
Q10FF,bobsled,1/10/2022
NRAYI,swimming,5/19/2022
2XHJP,biathlon,7/3/2022
8G80R,curling,1/4/2022
2BRQK,rowing,7/24/2022
N7BFS,water polo,1/26/2022
0A8ES,track,9/24/2022
PGRUU,track,2/1/2022
KK7O0,ice skating,9/24/2022
MNXBH,swimming,10/16/2022
MBIR1,basketball,9/17/2022
6ZAVC,swimming,6/3/2022
BBSCY,track,1/3/2022
DYE29,gymnastics,5/21/2022
HWNYI,hockey,1/16/2022
6U72L,bobsled,2/15/2022
I3SU1,rowing,8/30/2022
TXX8T,hockey,1/2/2022
SQN6Y,diving,4/15/2022
I2MGI,curling,9/6/2022
AQ5XA,biathlon,9/29/2022
JLIPM,track,4/24/2022
5EZN3,curling,10/10/2022
9V8II,biathlon,3/30/2022
CJOGQ,water polo,2/24/2022
DDKN6,swimming,10/19/2022
4HFAN,diving,8/11/2022
N7TIV,gymnastics,4/22/2022
P9ALB,track,3/16/2022
KYT4E,biathlon,2/10/2022
KVP18,gymnastics,6/18/2022
EZUQS,gymnastics,6/28/2022
88BFR,track,5/9/2022
ESWR5,rowing,5/30/2022
94ATG,rowing,3/7/2022
CW6KF,water polo,5/9/2022
8HL5H,bobsled,6/13/2022
SOC52,basketball,9/9/2022
5WMR1,curling,9/24/2022
EY4TU,bobsled,6/19/2022
8W083,ice skating,2/27/2022
SZXPO,diving,6/23/2022
2HAT4,diving,10/3/2022
3RX0I,basketball,2/27/2022
8K2M9,track,7/23/2022
NPT7B,curling,5/3/2022
CL5VK,swimming,2/20/2022
KUD1B,ice skating,3/23/2022
SR7RX,water polo,3/14/2022
AR6H2,track,6/22/2022
8R9RU,track,5/16/2022
M42HN,ice skating,6/1/2022
8LFYA,ice skating,6/15/2022
6PTSS,water polo,7/11/2022
JEFJI,swimming,6/1/2022
7J1V2,bobsled,10/11/2022
PP5JN,ice skating,3/27/2022
UH85O,basketball,3/18/2022
IWUS7,curling,6/20/2022
YH1F4,water polo,3/21/2022
CPWFJ,swimming,8/16/2022
XE13R,swimming,10/3/2022
HRNR4,hockey,1/20/2022
MUQ5Z,biathlon,5/31/2022
C1GPR,track,1/13/2022
CUN8P,ice skating,4/1/2022
SH2YN,curling,9/3/2022
H8C06,biathlon,2/2/2022
9KKXH,rowing,3/14/2022
L7XQQ,swimming,5/22/2022
BWRWW,rowing,1/23/2022
OZG45,curling,10/16/2022
T20YZ,bobsled,9/5/2022
LEU56,basketball,9/21/2022
WNPM6,rowing,3/9/2022
FD3B0,track,4/1/2022
Q1COI,bobsled,8/26/2022
1C5EL,swimming,4/26/2022
0YG1O,swimming,8/26/2022
3OPPO,hockey,2/3/2022
LQH77,ice skating,10/1/2022
KYCCA,track,7/18/2022
29MAH,track,10/19/2022
KI681,water polo,4/21/2022
7LEX2,hockey,10/27/2022
57ALX,ice skating,5/18/2022
MN9ZZ,rowing,6/9/2022
G0LJZ,curling,6/27/2022
TJGLM,biathlon,1/21/2022
0RUP2,gymnastics,9/3/2022
86HGO,gymnastics,9/28/2022
R3WQE,track,7/20/2022
I5M43,rowing,9/16/2022
ITC42,diving,9/9/2022
9FMBF,bobsled,8/1/2022
S2GYU,bobsled,10/13/2022
XJHVB,diving,6/17/2022
JJYZY,hockey,8/14/2022
A8RSS,bobsled,6/26/2022
OFRRN,water polo,7/10/2022
K85FD,basketball,4/9/2022
HUTA6,swimming,10/1/2022
ET8YE,hockey,7/4/2022
WG9SC,bobsled,3/25/2022
EHVJU,basketball,5/11/2022
BE14L,swimming,4/14/2022
VGN1E,diving,1/17/2022
H6QIM,ice skating,1/18/2022
0PUZT,track,1/21/2022
A28TD,swimming,3/5/2022
QIH0Z,ice skating,5/16/2022
BR0XK,curling,1/2/2022
3FESP,hockey,4/23/2022
KFFRW,gymnastics,9/12/2022
4S5G5,swimming,1/3/2022
AZ33I,curling,2/24/2022
5RGA9,basketball,1/25/2022
9SMV6,ice skating,6/16/2022
LHYK7,hockey,9/22/2022
549MU,rowing,3/28/2022
331DR,track,8/25/2022
07ZA5,swimming,6/3/2022
WNJEA,diving,8/5/2022
5USZJ,ice skating,3/27/2022
T3HDS,curling,6/26/2022
AOOEO,water polo,3/16/2022
78X0A,diving,5/12/2022
TLLP3,gymnastics,8/25/2022
P7K1F,basketball,2/9/2022
AKVSF,rowing,8/24/2022
9PCQT,basketball,2/3/2022
38YKE,water polo,5/4/2022
S139L,curling,5/6/2022
HSUXP,rowing,7/28/2022
2N7FD,curling,6/26/2022
6DAUK,diving,5/7/2022
4VJ18,rowing,4/10/2022
OYR9G,water polo,1/12/2022
F4JCQ,gymnastics,7/22/2022
3CMBC,gymnastics,1/18/2022
SMG8W,swimming,3/15/2022
4Z6IM,track,5/24/2022
INJ0O,bobsled,2/1/2022
27ZOS,diving,3/23/2022
G8SYB,hockey,7/23/2022
NURM8,track,5/15/2022
Y4F1T,track,3/14/2022
MJXFW,rowing,3/20/2022
B7P8D,biathlon,9/19/2022
491OU,basketball,10/11/2022
PQ9L4,gymnastics,10/13/2022
1XJKL,bobsled,4/28/2022
4RQG5,hockey,5/2/2022
AZYYU,track,7/20/2022
V5JOM,water polo,5/30/2022
9O6S2,bobsled,4/9/2022
G1UCP,track,7/7/2022
XTDE4,diving,5/14/2022
CTCOZ,hockey,10/4/2022
W8MC2,water polo,4/4/2022
8JUZK,gymnastics,1/18/2022
F7A5I,swimming,4/29/2022
EG1FE,biathlon,8/3/2022
4L155,water polo,1/29/2022
PWT57,basketball,1/4/2022
MJL8T,curling,6/29/2022
K9691,bobsled,7/12/2022
1W1BV,water polo,10/9/2022
25GU3,basketball,6/20/2022
PQ0P5,ice skating,1/19/2022
CYM17,diving,6/10/2022
F8X32,bobsled,7/11/2022
KMF18,track,6/28/2022
E30YJ,track,6/20/2022
AI2LO,diving,2/15/2022
BOAKM,biathlon,2/3/2022
CKID2,bobsled,2/1/2022
4HS42,water polo,4/4/2022
ACFJ8,diving,2/8/2022
LRPPD,rowing,10/25/2022
435PG,biathlon,3/1/2022
IAPNC,track,6/10/2022
WKSQW,ice skating,3/24/2022
MWWR4,ice skating,6/21/2022
VNAXV,basketball,8/26/2022
DW9X3,curling,1/30/2022
EZF9Y,track,6/15/2022
CY0HK,diving,8/6/2022
GRFG9,basketball,10/21/2022
6K2HM,diving,6/3/2022
JS23E,gymnastics,1/16/2022
TL6JG,ice skating,3/12/2022
373QV,track,4/7/2022
K2RI2,ice skating,7/10/2022
1QGU1,biathlon,3/27/2022
LQR71,track,2/19/2022
KC3FH,hockey,4/19/2022
0LF5W,curling,5/17/2022
6YH98,swimming,5/5/2022
1OHTD,track,6/18/2022
249LY,biathlon,2/11/2022
EQAZQ,biathlon,8/5/2022
QCVL2,ice skating,4/21/2022
OAR8T,hockey,7/30/2022
URVJQ,rowing,3/20/2022
N1GHP,curling,10/4/2022
DE5NM,ice skating,4/26/2022
OTCB8,hockey,6/21/2022
983FG,curling,7/19/2022
C0SR9,track,8/23/2022
OZ76M,diving,6/29/2022
FMKPK,track,7/28/2022
ESTN6,rowing,9/4/2022
21FQM,rowing,4/12/2022
0LN19,ice skating,4/16/2022
B52NR,hockey,4/1/2022
R6TSM,diving,1/7/2022
6C0YU,diving,2/16/2022
R95ZQ,hockey,8/27/2022
85TQL,track,10/4/2022
X4QQL,bobsled,2/8/2022
FU0WT,diving,3/9/2022
SQ20G,basketball,10/12/2022
QKJ6C,curling,6/11/2022
YHKP2,track,4/7/2022
E36YW,rowing,3/26/2022
VD8VV,basketball,4/21/2022
WLIDR,basketball,10/13/2022
EP9G5,track,9/14/2022
QX676,hockey,1/3/2022
PX3X4,diving,10/16/2022
A02AM,bobsled,7/27/2022
D6XYM,biathlon,7/20/2022
TTDYQ,diving,6/16/2022
Y1X3D,hockey,1/20/2022
PRGV2,curling,2/17/2022
ND6AN,curling,5/30/2022
ZTW2H,water polo,9/8/2022
M7PV5,diving,4/16/2022
BHEMH,gymnastics,2/15/2022
HU3OU,water polo,10/14/2022
N6Y2B,water polo,8/8/2022
GC028,diving,5/20/2022
W053N,biathlon,3/31/2022
WCXWQ,track,9/20/2022
0JSUM,swimming,10/6/2022
POKYF,swimming,10/1/2022
RMUBQ,basketball,8/1/2022
T1PRR,curling,9/14/2022
LCTR3,curling,4/20/2022
7FZ85,track,3/28/2022
I78BW,bobsled,10/15/2022
OY8AE,track,4/4/2022
X4HKT,biathlon,1/26/2022
94NL7,ice skating,7/21/2022
HL0WA,hockey,4/30/2022
QMXU6,gymnastics,9/20/2022
3D0Q7,water polo,5/8/2022
1QOZT,rowing,4/1/2022
04XLX,ice skating,5/25/2022
WNJRV,diving,9/2/2022
86OLQ,bobsled,7/6/2022
KGFX3,hockey,4/22/2022
69X82,biathlon,8/15/2022
9Y6TX,rowing,3/8/2022
UJ72T,water polo,2/23/2022
POZ0C,bobsled,1/7/2022
OSOCQ,track,8/3/2022
5C78L,curling,7/16/2022
WV9HK,water polo,5/8/2022
4XEY8,ice skating,5/23/2022
DBXBK,hockey,8/16/2022
QGN5H,biathlon,9/4/2022
THLNF,rowing,1/10/2022
XWR7P,curling,2/20/2022
W8GRD,curling,6/3/2022
9GJZX,ice skating,3/2/2022
CPLX6,hockey,3/10/2022
O138G,track,7/18/2022
NJSFH,curling,1/30/2022
LOWMR,bobsled,2/22/2022
JM6W9,swimming,10/25/2022
U1ZSH,bobsled,3/22/2022
FANK8,swimming,10/28/2022
8KBH9,swimming,7/12/2022
GY5EN,water polo,8/10/2022
LW4QS,track,10/25/2022
TWKUK,water polo,9/28/2022
HI5F4,water polo,3/24/2022
D0HP2,hockey,4/2/2022
784BS,basketball,10/12/2022
LPJRN,diving,2/21/2022
G7496,curling,4/1/2022
OLHBA,track,10/23/2022
1XK33,biathlon,5/30/2022
UBEMK,diving,5/18/2022
K2CAE,biathlon,8/25/2022
UD483,diving,8/18/2022
70IDG,ice skating,2/21/2022
SUNKO,rowing,9/2/2022
0EY1B,biathlon,7/13/2022
IVZSP,swimming,2/11/2022
1EIHU,swimming,8/28/2022
1QL0F,ice skating,1/11/2022
HDQYO,diving,7/24/2022
KSLDQ,hockey,8/20/2022
F0Y67,water polo,5/20/2022
NKK21,basketball,7/9/2022
8S4C9,diving,6/26/2022
NFXQK,swimming,4/30/2022
CWSQC,biathlon,1/5/2022
DZ31Q,rowing,3/27/2022
2ZYL9,diving,8/4/2022
QIL4P,track,9/11/2022
EEHNN,basketball,3/5/2022
4UA1H,track,9/14/2022
CNCRF,diving,7/12/2022
XSH6I,track,10/14/2022
VEI12,swimming,7/6/2022
CYJWF,hockey,8/1/2022
0PEPD,water polo,5/2/2022
YA2JL,bobsled,10/1/2022
IE9PS,diving,1/31/2022
8BI69,bobsled,4/11/2022
WX1FK,biathlon,2/23/2022
HOXC3,water polo,8/23/2022
5YQ54,water polo,6/6/2022
C92TX,swimming,10/1/2022
VI56W,gymnastics,3/16/2022
6WDOD,swimming,5/3/2022
HMHKQ,track,4/24/2022
5.70E+04,basketball,5/30/2022
2OP37,basketball,1/23/2022
WMG3M,curling,3/23/2022
V024N,bobsled,1/15/2022
GICM5,ice skating,5/3/2022
BQDQJ,swimming,10/10/2022
CL8KI,track,10/18/2022
CE5P9,swimming,4/7/2022
CYON6,rowing,5/14/2022
3ZUI3,basketball,6/21/2022
9P97R,basketball,9/17/2022
F91Y6,track,10/9/2022
SDE5A,water polo,9/14/2022
OR3ZD,swimming,9/13/2022
CKRT9,bobsled,3/29/2022
QAC0D,track,4/12/2022
T7AS3,rowing,5/14/2022
AH48F,diving,9/18/2022
D5BY1,track,3/5/2022
WBWBB,water polo,4/29/2022
Y7FI8,gymnastics,1/7/2022
X5H0F,rowing,5/19/2022
J6LM7,track,8/11/2022
TAIMK,ice skating,7/29/2022
OGJ6K,biathlon,1/23/2022
V2GWG,gymnastics,10/12/2022
S2CDG,track,9/2/2022
K7KTW,gymnastics,2/28/2022
UNKPK,rowing,5/18/2022
2MAPB,basketball,1/9/2022
RI9WE,curling,7/10/2022
KMFU9,curling,9/1/2022
N9H42,curling,1/24/2022
6H52R,swimming,1/10/2022
GR4PX,track,4/4/2022
3WGC6,water polo,1/18/2022
SDRI9,basketball,1/5/2022
0Y943,gymnastics,3/29/2022
M99J2,diving,9/11/2022
VC6PY,bobsled,5/7/2022
EYXSA,curling,1/26/2022
G25WT,ice skating,1/25/2022
LCUWW,swimming,5/14/2022
V98PZ,curling,9/15/2022
2LIGE,curling,6/14/2022
YOTF6,swimming,2/22/2022
MB43W,basketball,3/26/2022
CYP80,track,6/24/2022
GQLH4,bobsled,6/19/2022
SS80T,rowing,2/25/2022
6L2BZ,track,5/20/2022
PM7MR,biathlon,5/2/2022
SLD45,ice skating,3/10/2022
RRRAN,ice skating,9/10/2022
0ZSTH,water polo,5/8/2022
FROSL,hockey,10/10/2022
OHXRX,biathlon,10/18/2022
1MJRQ,biathlon,6/8/2022
186G4,water polo,5/29/2022
ITVZH,diving,1/4/2022
YURNG,swimming,6/8/2022
YM2JY,gymnastics,4/13/2022
YJQT0,water polo,7/27/2022
KO6CM,curling,7/26/2022
35P4U,ice skating,10/13/2022
AMS8H,ice skating,9/24/2022
NYTFS,diving,10/1/2022
VOLWA,swimming,6/29/2022
Q3759,ice skating,10/22/2022
X4VU4,biathlon,1/17/2022
AKDZJ,track,8/8/2022
UF789,hockey,2/17/2022
Y7LDW,ice skating,6/8/2022
10492,rowing,3/8/2022
WHRKN,rowing,1/2/2022
DG8KZ,curling,7/14/2022
WV94C,ice skating,2/23/2022
MUJ66,basketball,8/30/2022
EH58N,basketball,9/15/2022
B9D7I,track,7/19/2022
UYC3L,curling,10/12/2022
CQ8QV,swimming,9/29/2022
RJBM4,biathlon,2/27/2022
3PSM2,water polo,1/31/2022
ZRFPG,ice skating,5/9/2022
8BKFG,track,4/3/2022
ODIZH,curling,3/10/2022
5TQGH,ice skating,4/6/2022
YU74H,gymnastics,1/9/2022
U966K,track,3/7/2022
HZMMD,curling,10/16/2022
NPEC1,curling,9/23/2022
A0D5X,water polo,8/7/2022
878MI,basketball,3/7/2022
9TKJN,bobsled,10/6/2022
XO5WE,rowing,1/31/2022
S9A5U,water polo,6/15/2022
GSIRH,diving,8/21/2022
GSYFS,curling,2/10/2022
6CJK9,ice skating,8/29/2022
P8AT3,water polo,9/2/2022
22KEK,hockey,6/27/2022
J0LW6,diving,10/3/2022
XNC45,track,2/28/2022
7UMTM,rowing,8/27/2022
RGP1Y,track,8/22/2022
I5SG9,diving,1/16/2022
A7TFD,ice skating,4/9/2022
H1TEM,biathlon,5/13/2022
JCS53,bobsled,10/14/2022
K0S54,gymnastics,10/12/2022
II56A,rowing,5/27/2022
BVFA5,water polo,1/11/2022
JEM0A,rowing,9/1/2022
M3UJY,hockey,1/15/2022
KCY0A,swimming,7/12/2022
UAB0Y,biathlon,2/4/2022
ZAJ1Z,curling,5/20/2022
GL90J,swimming,4/24/2022
70ULP,hockey,9/18/2022
6AY2F,diving,2/28/2022
05T1K,basketball,6/27/2022
194YD,hockey,4/2/2022
72DWL,swimming,7/17/2022
Y029F,track,3/5/2022
ANXVB,hockey,10/13/2022
3C4ZZ,gymnastics,10/20/2022
H4LIE,gymnastics,6/7/2022
AA41I,water polo,5/12/2022
GHV3C,hockey,4/15/2022
WOB11,gymnastics,7/11/2022
DCMHA,track,6/2/2022
RQHCS,track,1/6/2022
1ZSNN,hockey,5/1/2022
7M0JS,diving,7/25/2022
WO3HS,bobsled,4/22/2022
BXB52,track,8/2/2022
RX4XW,water polo,7/2/2022
0J8HR,swimming,1/14/2022
70BT4,biathlon,10/28/2022
F4F9I,diving,7/26/2022
JUYN3,gymnastics,8/10/2022
PQAFJ,diving,8/3/2022
0QV7B,diving,4/12/2022
IS5EN,biathlon,9/24/2022
ACV5K,ice skating,1/15/2022
JSGK8,gymnastics,6/27/2022
V5TW5,track,6/3/2022
9EHWH,curling,10/8/2022
E3GSE,track,2/16/2022
4XJ73,water polo,6/6/2022
KPNO4,water polo,5/15/2022
N6O55,bobsled,7/12/2022
6ZMSI,water polo,1/20/2022
59SME,ice skating,1/9/2022
IEQA9,diving,4/17/2022
L7D53,bobsled,10/15/2022
53SQI,gymnastics,1/14/2022
GMR8H,curling,4/9/2022
CQR8Q,track,9/22/2022
NG4P9,biathlon,9/22/2022
E9ULD,swimming,8/15/2022
NRZ97,hockey,9/30/2022
53TU6,rowing,4/23/2022
1X2I9,track,9/24/2022
Q7P5T,rowing,10/23/2022
OEMAE,curling,3/22/2022
RX59R,diving,10/24/2022
ZTOWV,hockey,7/25/2022
RQUO5,biathlon,7/20/2022
AI43D,curling,5/13/2022
XJ8EA,track,5/30/2022
XMIBW,ice skating,4/8/2022
LY4CI,gymnastics,3/23/2022
QJANL,diving,2/15/2022
66OPR,diving,8/8/2022
598QX,water polo,5/8/2022
9HIMR,water polo,4/5/2022
7AD5S,water polo,8/16/2022
0VJPX,biathlon,9/19/2022
SUU2G,water polo,10/7/2022
AXZFG,gymnastics,7/26/2022
13X6B,basketball,9/22/2022
W5A3N,track,5/18/2022
SKF0K,hockey,3/5/2022
9NK1W,gymnastics,3/1/2022
SMLMR,swimming,5/9/2022
JT0IN,diving,10/18/2022
YWB8U,gymnastics,1/4/2022
JF1A2,ice skating,8/16/2022
O45DA,diving,1/20/2022
D7KEH,gymnastics,8/8/2022
EK2IC,water polo,3/2/2022
MV5EB,diving,5/14/2022
3RS6I,track,5/22/2022
TT7PL,bobsled,4/24/2022
VZJPN,rowing,9/1/2022
MXPUE,diving,4/24/2022
9S7LO,diving,5/6/2022
WV67F,gymnastics,7/12/2022
FW234,rowing,6/6/2022
6OXEM,biathlon,8/22/2022
86ZYQ,gymnastics,6/17/2022
SL2ZP,track,3/8/2022
NIKCC,gymnastics,1/1/2022
NAY94,ice skating,2/24/2022
LCEWY,biathlon,8/9/2022
WXA5M,gymnastics,1/17/2022
4CXRD,rowing,6/21/2022
10JCB,diving,2/18/2022
VK7XT,track,5/13/2022
QSJZI,track,1/4/2022
UR4H6,swimming,10/8/2022
QXBHO,gymnastics,7/6/2022
5D9T1,bobsled,9/15/2022
6MEEZ,gymnastics,9/15/2022
NRF2O,bobsled,4/11/2022
BUYU1,swimming,10/18/2022
62E3D,basketball,8/26/2022
7R8IW,water polo,3/14/2022
0W57C,rowing,1/28/2022
AAN3O,gymnastics,8/2/2022
ZKZZG,rowing,6/14/2022
LPSK2,diving,4/19/2022
N64AY,biathlon,3/9/2022
LFTY5,gymnastics,7/25/2022
BSBBL,bobsled,3/7/2022
EUNXM,diving,1/25/2022
MJN32,diving,9/13/2022
NLYRB,ice skating,9/6/2022
AW7YG,curling,8/14/2022
XM0OU,diving,2/12/2022
Y77KF,ice skating,7/15/2022
187CD,rowing,9/3/2022
CIIVR,ice skating,7/31/2022
W6FUM,swimming,8/23/2022
S0U6R,track,5/30/2022
CJYWM,swimming,10/21/2022
3P90E,gymnastics,6/18/2022
O9T4Y,gymnastics,4/14/2022
HY994,track,5/1/2022
B8LZY,diving,4/21/2022
F72EF,track,1/6/2022
V1368,track,6/16/2022
NVFAI,bobsled,10/6/2022
R1LFM,swimming,4/19/2022
M8GXL,bobsled,4/11/2022
PROFG,rowing,7/28/2022
U57B0,bobsled,7/24/2022
JV2CT,track,8/4/2022
DLLU1,basketball,5/4/2022
GGXJS,hockey,5/13/2022
5L98I,curling,3/15/2022
C9UFC,hockey,10/2/2022
B5P78,diving,6/17/2022
HL1U7,track,2/25/2022
8291J,gymnastics,1/3/2022
7BYHI,track,10/19/2022
C0UBI,water polo,7/18/2022
9IL1B,basketball,3/2/2022
P9487,ice skating,9/14/2022
0XBIZ,track,9/30/2022
ZWILZ,gymnastics,8/7/2022
LQ9OX,track,5/30/2022
X0UK2,ice skating,5/21/2022
69DDH,track,6/30/2022
MYM9T,swimming,1/15/2022
3CL07,track,8/7/2022
RJQ08,biathlon,6/9/2022
6Y8JS,bobsled,9/5/2022
Y8OMV,diving,8/27/2022
39GDX,hockey,10/23/2022
KDJLF,ice skating,3/30/2022
NAA18,ice skating,1/7/2022
2IB6J,gymnastics,5/21/2022
3FYN4,rowing,7/25/2022
PQHZ6,basketball,3/3/2022
BPQT4,curling,9/22/2022
6X41O,water polo,3/17/2022
K0LC1,diving,9/3/2022
KZ9BG,diving,5/18/2022
DFMOP,track,9/1/2022
DZMKZ,track,9/29/2022
FGV1V,biathlon,7/13/2022
OR4B7,bobsled,1/8/2022
K95U5,basketball,10/11/2022
VL2CW,track,10/13/2022
HJMLI,biathlon,4/7/2022
9XG9J,gymnastics,8/10/2022
5HDTU,diving,4/5/2022
0KWDT,bobsled,4/17/2022
BY7OP,ice skating,3/13/2022
1X34P,rowing,10/22/2022
LMWIC,diving,6/13/2022
7YEN5,bobsled,1/31/2022
VPVDM,track,8/11/2022
8MGDR,basketball,6/24/2022
F60R7,swimming,4/2/2022
13H6T,diving,10/16/2022
ZI4QR,water polo,10/5/2022
LYNUP,diving,6/24/2022
QSHXX,track,7/17/2022
Q49L6,hockey,10/1/2022
XADEF,diving,2/8/2022
WOSIZ,ice skating,3/15/2022
5JTDK,curling,3/5/2022
5ZXEV,curling,6/21/2022
BM3E7,curling,1/26/2022
I4974,hockey,6/15/2022
5NL2L,biathlon,9/4/2022
5NOW2,rowing,6/3/2022
3R096,track,4/16/2022
TK8L8,hockey,4/9/2022
1FHXR,track,6/19/2022
ZUZY4,water polo,10/22/2022
ZWIQ5,swimming,10/28/2022
R0Z91,curling,5/19/2022
4Q3AG,rowing,8/25/2022
BBPFK,ice skating,5/8/2022
8YO7M,track,2/5/2022
PD2PK,basketball,4/30/2022
X7KJJ,biathlon,1/12/2022
A6HI1,track,7/11/2022
2RIM8,ice skating,1/5/2022
N95A9,basketball,10/24/2022
XVZUK,bobsled,4/8/2022
69OMF,biathlon,3/20/2022
HZUHR,hockey,10/24/2022
2YKAZ,rowing,6/4/2022
LGNWF,gymnastics,5/31/2022
4Z87B,swimming,6/19/2022
LPSVI,water polo,9/4/2022
VKVKU,water polo,8/31/2022
QOOOR,curling,9/19/2022
QEJ3Q,rowing,6/1/2022
9HCUN,gymnastics,9/28/2022
0523R,rowing,1/15/2022
EG4SO,swimming,8/15/2022
P5GRT,ice skating,6/30/2022
BRA6M,water polo,5/18/2022
PI13O,hockey,8/9/2022
MMZ79,rowing,2/19/2022
91HS1,swimming,8/8/2022
POKYU,ice skating,10/3/2022
JV22O,hockey,4/19/2022
P05KC,bobsled,5/8/2022
8SIGL,rowing,1/10/2022
OV22H,swimming,6/4/2022
61DR7,ice skating,7/3/2022
21SSY,ice skating,7/22/2022
V8BYA,swimming,2/22/2022
GQXPF,diving,1/17/2022
RLZKZ,diving,2/1/2022
QK4GT,swimming,8/8/2022
QM8CO,ice skating,5/15/2022
FQT9S,bobsled,5/21/2022
1AD3K,ice skating,1/2/2022
MDL6K,gymnastics,1/27/2022
0AEQE,biathlon,3/16/2022
GHHI6,swimming,10/6/2022
UNHIT,bobsled,2/13/2022
VRTN5,track,9/18/2022
5IZ8C,hockey,7/29/2022
OXS1Q,ice skating,7/2/2022
L4L1Z,basketball,1/17/2022
58SD0,ice skating,5/3/2022
G0CB9,hockey,1/10/2022
CN312,biathlon,5/3/2022
IX6E4,biathlon,6/2/2022
6S907,rowing,2/18/2022
0RLDQ,hockey,10/24/2022
UU5CS,hockey,9/4/2022
W5P1F,curling,4/17/2022
XCA7B,gymnastics,6/7/2022
4Q3GC,gymnastics,9/18/2022
DBUU4,water polo,2/25/2022
CKVNU,ice skating,8/20/2022
2T8DT,bobsled,2/27/2022
7KRXT,hockey,6/6/2022
NDFV1,track,4/29/2022
0N6J2,bobsled,7/18/2022
TKG5E,bobsled,1/24/2022
6U1EP,bobsled,3/5/2022
YGK1C,hockey,2/18/2022
HTSJY,track,2/22/2022
DOY5P,ice skating,7/6/2022
S0B27,track,10/1/2022
XE2HD,ice skating,9/7/2022
OWICC,hockey,10/6/2022
6I5GS,hockey,10/24/2022
3HN8I,diving,10/9/2022
8VJHO,water polo,1/19/2022
NFEA8,track,10/11/2022
AVLS6,biathlon,7/21/2022
SKCTF,biathlon,1/17/2022
M91RJ,biathlon,8/4/2022
VNJMH,rowing,9/26/2022
RBAQB,hockey,10/16/2022
5OJAY,hockey,9/28/2022
QPULJ,biathlon,9/3/2022
4B3RC,bobsled,5/31/2022
KHEPJ,swimming,3/11/2022
XIU6T,diving,5/14/2022
87TYB,biathlon,8/16/2022
G0PPI,curling,2/2/2022
1ZD52,biathlon,2/1/2022
SBZ7Q,track,8/6/2022
OFCWG,basketball,3/9/2022
GQPSS,basketball,4/14/2022
K5ZO3,water polo,3/20/2022
NP7VO,hockey,4/12/2022
CJ5VY,swimming,5/8/2022
I49U5,swimming,9/30/2022
7OFKK,ice skating,10/3/2022
NI8YT,track,4/9/2022
B4JGO,basketball,4/11/2022
15GY1,basketball,7/20/2022
KGZKO,rowing,6/27/2022
CL6VH,track,3/2/2022
DJV70,track,10/21/2022
VVYWJ,track,6/24/2022
XYXW4,bobsled,8/3/2022
1OZFH,basketball,3/1/2022
8UR1F,water polo,1/15/2022
LAR54,bobsled,9/3/2022
G65QC,ice skating,8/16/2022
3888K,rowing,3/10/2022
GAVEY,gymnastics,9/7/2022
XLTVP,basketball,7/18/2022
TCHLD,basketball,1/14/2022
L3JFO,rowing,10/22/2022
TRJ3M,curling,5/3/2022
Y36SN,bobsled,1/28/2022
D1CDN,swimming,3/16/2022
SF2WN,track,9/9/2022
PZ0RB,track,6/27/2022
3MF6F,diving,8/26/2022
V1RI2,track,4/3/2022
4T25M,track,6/28/2022
NDJ3N,track,7/22/2022
B49BQ,track,3/3/2022
Q1L6I,bobsled,10/3/2022
7U5ZQ,diving,5/10/2022
TIZ11,hockey,9/12/2022
VJCU1,rowing,2/22/2022
EOD6K,basketball,7/5/2022
IKNTK,diving,10/27/2022
H9K88,diving,8/4/2022
C6GJI,water polo,1/23/2022
2KXWL,diving,7/31/2022
EDKU9,track,2/2/2022
ED7K5,swimming,7/21/2022
016DI,track,5/14/2022
M9BC0,swimming,1/1/2022
Q8S57,swimming,10/28/2022
WIX3U,basketball,2/1/2022
1PMBX,bobsled,2/10/2022
X852A,diving,6/16/2022
FZ4BR,rowing,8/24/2022
R38N5,gymnastics,5/17/2022
4TB3U,curling,8/10/2022
TNMZU,hockey,6/25/2022
HI6LQ,biathlon,5/11/2022
BXN3O,curling,5/27/2022
77JDY,water polo,7/18/2022
69YE1,curling,5/21/2022
W575Z,swimming,9/5/2022
WH64S,track,2/16/2022
O471G,diving,2/22/2022
ID5DD,swimming,5/4/2022
EZFLP,swimming,1/9/2022
9UGYN,bobsled,3/12/2022
7NWMT,water polo,10/12/2022
1AA2C,ice skating,2/18/2022
Y6EC4,bobsled,1/8/2022
WU67E,gymnastics,5/12/2022
WOOTB,bobsled,8/24/2022
IDWYZ,water polo,3/17/2022
K4UET,curling,1/18/2022
C3B9Q,gymnastics,6/10/2022
2UBTE,bobsled,9/8/2022
U1K4Y,ice skating,1/25/2022
H1HDA,curling,9/29/2022
SWQGO,gymnastics,5/1/2022
FV96E,hockey,6/1/2022
OMIGS,gymnastics,1/21/2022
PJYUE,curling,8/22/2022
5N9XV,biathlon,10/26/2022
JL22O,biathlon,10/4/2022
TGCQG,basketball,3/7/2022
YFCNV,rowing,5/19/2022
IJYFR,diving,1/31/2022
F42D4,rowing,6/8/2022
W0XVK,rowing,1/21/2022
BVWJ2,basketball,6/21/2022
TJLCY,water polo,5/18/2022
2PFJM,diving,8/23/2022
PQ7ZM,gymnastics,8/29/2022
98GK8,curling,10/21/2022
EIFCE,diving,4/10/2022
HYB2U,rowing,9/19/2022
PX7LT,track,5/1/2022
MB7WD,track,8/7/2022
OQH2R,rowing,6/26/2022
TWIK7,ice skating,6/10/2022
LWUBS,rowing,3/12/2022
HOY0Y,track,1/12/2022
SXPWS,swimming,6/26/2022
2RY1O,basketball,4/13/2022
SPD5A,curling,3/15/2022
WA88F,bobsled,5/31/2022
BXYYE,water polo,1/25/2022
CHC0U,swimming,5/19/2022
0530H,biathlon,2/7/2022
R4BB4,gymnastics,2/17/2022
NH1D4,diving,1/11/2022
F28QK,water polo,5/17/2022
MA1XV,ice skating,1/9/2022
T1PVO,track,3/10/2022
YNSB8,bobsled,6/6/2022
DXM5R,bobsled,8/28/2022
7DZ06,track,9/26/2022
G01G8,rowing,9/11/2022
C4J5O,track,1/6/2022
FHH8T,water polo,5/6/2022
O14UE,bobsled,6/27/2022
MRNLN,ice skating,8/4/2022
FT5HW,curling,10/17/2022
L248Z,swimming,9/27/2022
UD04Z,track,7/12/2022
WV5BJ,gymnastics,7/5/2022
CT5PR,bobsled,2/1/2022
2X4ZK,gymnastics,1/21/2022
7JSSC,swimming,7/28/2022
51GTK,swimming,6/6/2022
MADUT,ice skating,4/12/2022
59FKX,rowing,1/11/2022
3YOIC,track,9/9/2022
AGGYX,gymnastics,7/20/2022
V0USC,rowing,2/7/2022
4669U,hockey,2/1/2022
SS46Z,gymnastics,5/10/2022
5ZMH8,gymnastics,5/20/2022
AAZ0Z,track,2/8/2022
1R8EZ,water polo,7/3/2022
C2DE8,basketball,1/13/2022
ETPGJ,hockey,3/1/2022
YA519,water polo,7/20/2022
5UII6,bobsled,8/31/2022
I2LOR,bobsled,4/22/2022
IIKZG,track,1/15/2022
HD7IO,hockey,1/1/2022
023FB,biathlon,5/27/2022
JSY1N,rowing,5/12/2022
9PUKQ,track,3/2/2022
MMPBD,bobsled,8/1/2022
XIVDS,track,9/28/2022
QJ8WN,track,2/27/2022
IEVU6,bobsled,3/4/2022
XCODN,diving,3/9/2022
2DMWI,rowing,3/3/2022
A3YW7,gymnastics,9/6/2022
02ISS,curling,9/22/2022
ZRT7H,biathlon,4/5/2022
EGFV5,diving,8/31/2022
BCOPC,ice skating,5/8/2022
XY492,basketball,1/10/2022
XEHU2,curling,7/7/2022
KD5KL,hockey,9/1/2022
WHQ8P,diving,9/21/2022
GY7H1,rowing,6/4/2022
TJQOV,basketball,1/18/2022
I605B,water polo,3/29/2022
3RE3D,diving,4/4/2022
FE6TH,rowing,9/4/2022
2FS1R,track,4/20/2022
9SKZ0,biathlon,5/8/2022
5OD8K,water polo,3/8/2022
5FW5V,swimming,4/3/2022
ETHXX,gymnastics,5/17/2022
ZMXIC,swimming,3/29/2022
FWQYU,swimming,3/5/2022
ZSYGA,track,6/13/2022
AVNN3,track,6/29/2022
6TGES,hockey,5/22/2022
M5VN9,track,8/8/2022
K3KR7,curling,2/23/2022
39KRE,diving,5/31/2022
AC1PU,rowing,8/8/2022
914EW,curling,10/27/2022
M2QF3,hockey,1/6/2022
BU5J7,bobsled,3/4/2022
6KXXZ,basketball,8/15/2022
Y0RSA,hockey,1/3/2022
M7K4P,bobsled,9/24/2022
VC3M2,water polo,6/1/2022
CV467,biathlon,10/7/2022
1KUAA,basketball,3/8/2022
YDLOR,track,2/27/2022
4WI82,curling,1/8/2022
8F2RM,swimming,1/10/2022
YXWCH,track,5/6/2022
1IJ4G,swimming,7/18/2022
8BYT3,track,1/15/2022
JCUNN,track,1/19/2022
APH54,ice skating,2/13/2022
X1LNO,swimming,8/11/2022
LYPJS,rowing,8/26/2022
BEXSP,swimming,2/27/2022
I5AIS,ice skating,3/1/2022
5CCV0,swimming,9/19/2022
J759Z,track,5/28/2022
7W8QP,basketball,1/11/2022
0G1AD,water polo,6/12/2022
64NEK,swimming,6/19/2022
3KCQY,basketball,8/9/2022
RGTHN,hockey,9/24/2022
O3WUR,basketball,5/10/2022
WQVYU,diving,10/4/2022
UP07X,biathlon,4/7/2022
MKHTV,hockey,2/23/2022
IAZYI,water polo,5/22/2022
G4WM7,diving,7/18/2022
AQ5BN,water polo,3/26/2022
QIFKY,biathlon,7/27/2022
IP4RK,diving,6/5/2022
2RZAQ,swimming,1/29/2022
3AT9Q,diving,2/20/2022
OXHGL,gymnastics,6/8/2022
FAXVF,rowing,8/8/2022
V4J2B,track,9/13/2022
CFG90,swimming,5/17/2022
IU2LU,diving,5/30/2022
HCWCI,water polo,10/22/2022
KLTLO,ice skating,6/13/2022
UTQTP,biathlon,1/16/2022
EX595,biathlon,4/11/2022
PW5AR,ice skating,7/18/2022
MMBJL,water polo,7/8/2022
EOXEW,curling,6/7/2022
2AAG3,biathlon,4/28/2022
AH9UG,curling,7/5/2022
6Y8W1,swimming,5/20/2022
8QD1R,curling,8/15/2022
R9ZB4,ice skating,3/26/2022
XAVDX,biathlon,7/16/2022
B1IDR,track,2/24/2022
DMEND,water polo,4/20/2022
4K0UP,track,2/24/2022
COOIX,basketball,10/21/2022
Z5T1G,ice skating,2/6/2022
3MSZD,basketball,8/29/2022
LTRNC,hockey,4/8/2022
ZBPGL,swimming,7/26/2022
EVVPE,swimming,10/1/2022
3EZKL,track,8/22/2022
UG9EL,ice skating,2/27/2022
PIQ04,biathlon,5/1/2022
YY0XA,basketball,2/8/2022
KKOL3,track,10/11/2022
BCVG0,hockey,1/29/2022
Q7F1R,track,9/23/2022
KE735,track,5/9/2022
0IO99,track,7/3/2022
258LT,bobsled,8/6/2022
2G2W0,basketball,2/9/2022
J1HWS,track,5/18/2022
Q4UCJ,track,6/18/2022
UQRBM,diving,5/3/2022
I6RYC,curling,8/26/2022
PSLIF,rowing,9/6/2022
XW2MZ,curling,3/21/2022
9ZKZY,biathlon,8/3/2022
A5MWT,bobsled,7/5/2022
S68BT,curling,6/21/2022
UNNR2,hockey,7/22/2022
52854,diving,4/12/2022
NUU4G,curling,1/25/2022
T4I5S,swimming,8/2/2022
UMDFN,water polo,1/6/2022
O3ZN5,hockey,2/6/2022
GQMSV,bobsled,10/7/2022
P3P9X,track,6/4/2022
QX76W,ice skating,10/3/2022
EN3IG,track,9/17/2022
VNY1I,biathlon,8/31/2022
ES5IS,gymnastics,1/1/2022
BJ697,swimming,8/26/2022
TWRKK,track,7/11/2022
U9N6V,bobsled,5/10/2022
HUBQN,hockey,4/5/2022
ZBFFJ,swimming,10/11/2022
IX6P3,gymnastics,5/7/2022
HOJLG,hockey,10/1/2022
OYWB8,curling,3/16/2022
TU3AC,ice skating,8/9/2022
X4MWD,bobsled,3/28/2022
REVYL,ice skating,4/3/2022
H0SXG,curling,2/25/2022
2VRCR,gymnastics,7/30/2022
2JES3,bobsled,6/23/2022
DNJA4,gymnastics,2/5/2022
FC0AS,gymnastics,2/1/2022
4PW4D,swimming,5/5/2022
1M88Y,basketball,7/17/2022
097XR,gymnastics,7/10/2022
NNMV4,water polo,2/12/2022
ZBDHV,biathlon,4/28/2022
8C4G3,biathlon,8/3/2022
V0OWX,biathlon,4/24/2022
9NHIK,rowing,10/2/2022
5C6M8,rowing,2/18/2022
UPAZU,track,8/1/2022
GVRRL,gymnastics,5/10/2022
HKYKY,track,7/29/2022
2IHZV,water polo,3/20/2022
JXY8R,rowing,8/23/2022
3TL2H,track,8/1/2022
IYARV,biathlon,8/17/2022
XJ88C,bobsled,4/22/2022
MP6Q3,gymnastics,6/22/2022
KGBEI,diving,2/5/2022
UKF7Y,track,8/20/2022
9SBGK,curling,5/30/2022
QIWDL,rowing,5/4/2022
3XSIM,rowing,8/12/2022
Q5WUW,ice skating,4/5/2022
4UBB0,gymnastics,4/23/2022
9SEGC,hockey,3/13/2022
0R55J,ice skating,3/15/2022
G6CL0,track,3/14/2022
GZG34,water polo,1/13/2022
0TXQ6,swimming,8/26/2022
X3JID,track,9/13/2022
58SFY,curling,4/11/2022
QS9XZ,curling,7/5/2022
OPVY4,bobsled,1/27/2022
WOVEU,water polo,2/4/2022
FHRW1,water polo,9/21/2022
A6NWU,curling,10/22/2022
02YGN,curling,2/20/2022
2AKOK,hockey,2/28/2022
UDZI3,swimming,1/16/2022
K1ZZI,hockey,2/1/2022
Q3HNX,biathlon,9/29/2022
4QCGX,hockey,7/29/2022
CZIJG,track,9/23/2022
KN2AH,gymnastics,6/1/2022
57195,gymnastics,10/1/2022
95XSY,water polo,7/23/2022
B3U8W,track,7/22/2022
D3U37,bobsled,4/2/2022
06GCJ,hockey,3/25/2022
CC0O8,track,9/21/2022
WVY5Z,track,8/18/2022
ZHIRU,curling,6/12/2022
ZERXM,curling,8/14/2022
X8IQC,water polo,4/17/2022
SWK44,water polo,6/24/2022
A6TIV,diving,7/11/2022
IYCCI,hockey,9/7/2022
BLWZY,gymnastics,9/29/2022
D3GJ4,biathlon,5/19/2022
JTOF3,track,2/1/2022
4DYXY,track,5/6/2022
77ZJA,ice skating,8/26/2022
XNOPY,basketball,2/14/2022
7AR0K,water polo,7/8/2022
K16BX,curling,8/16/2022
5KIRT,water polo,9/2/2022
Q2LOT,bobsled,5/11/2022
FFE9K,hockey,3/15/2022
7FX8V,diving,4/5/2022
1RC7O,water polo,1/7/2022
5QIW7,track,10/12/2022
VBGUH,gymnastics,4/16/2022
EHHUB,curling,2/15/2022
0P76M,track,10/1/2022
8HN4B,track,3/27/2022
SB4FZ,bobsled,5/25/2022
AM4QP,hockey,3/8/2022
7GPB2,water polo,5/10/2022
VCC6L,bobsled,6/15/2022
RDLDR,diving,1/25/2022
H6IHY,water polo,2/9/2022
YR4ZV,bobsled,2/26/2022
9L6Y7,rowing,9/28/2022
W2VOB,water polo,3/26/2022
FGCK9,track,1/18/2022
BP2EM,track,8/11/2022
JNY08,track,9/4/2022
L423D,hockey,7/27/2022
Q9NRW,ice skating,8/22/2022
IVBSD,hockey,9/22/2022
QSXYD,water polo,1/29/2022
2KD6U,rowing,1/11/2022
313DX,ice skating,2/18/2022
FSPAV,swimming,9/4/2022
N349R,water polo,3/15/2022
L6K92,biathlon,8/24/2022
CQLO6,curling,8/12/2022
OGNYT,bobsled,2/16/2022
1XDZR,basketball,6/1/2022
EDTA8,gymnastics,2/5/2022
MS227,curling,5/24/2022
E7L44,biathlon,2/15/2022
X5ZNZ,swimming,1/15/2022
8XX3H,rowing,3/17/2022
44PZK,track,3/13/2022
4SR7L,water polo,10/6/2022
7RGPH,track,2/18/2022
3CW53,diving,7/6/2022
X6B1N,ice skating,3/23/2022
7CQEC,curling,10/10/2022
6RLUI,bobsled,1/24/2022
B80M9,track,9/21/2022
F0YP7,water polo,1/9/2022
K8GM8,diving,7/31/2022
5U8QH,gymnastics,6/15/2022
XNVJ3,hockey,8/30/2022
U9VGV,diving,2/9/2022
0HT6P,track,4/11/2022
4XY10,rowing,1/28/2022
8OS5F,water polo,3/27/2022
SSUQ5,gymnastics,1/28/2022
T9VBV,biathlon,9/9/2022
3GQXD,hockey,4/27/2022
Y58PD,basketball,5/17/2022
OJ4UC,rowing,6/19/2022
7HOK9,water polo,3/12/2022
JCQB2,track,1/24/2022
CU2F3,bobsled,7/15/2022
KE9LJ,track,7/1/2022
U61OZ,gymnastics,1/16/2022
W721P,track,8/20/2022
3YS9Z,diving,2/9/2022
VL25U,hockey,9/29/2022
99RH5,water polo,6/1/2022
M51DZ,bobsled,3/19/2022
HAAT2,gymnastics,4/12/2022
3XC87,track,5/20/2022
FZMLT,swimming,10/12/2022
CZ2PH,bobsled,7/2/2022
6Q7IB,biathlon,8/10/2022
81CD0,biathlon,3/7/2022
YEBHV,ice skating,9/28/2022
X1ZEM,water polo,9/19/2022
DH3JO,hockey,3/20/2022
YEY2U,biathlon,10/26/2022
ZK0RH,bobsled,1/23/2022
EPOSZ,rowing,9/20/2022
R8ZBV,track,3/3/2022
FSHHO,basketball,3/4/2022
K0Z5G,diving,5/13/2022
2VP0L,rowing,7/25/2022
84I6V,track,4/8/2022
2HKE8,rowing,2/15/2022
S7CSR,rowing,8/20/2022
JMZEX,curling,6/21/2022
U9P00,ice skating,9/16/2022
JCKWC,water polo,3/9/2022
BKTO4,ice skating,1/6/2022
325ET,gymnastics,7/3/2022
VV9PR,water polo,9/22/2022
00HA0,ice skating,6/9/2022
N01VU,rowing,8/10/2022
39EPH,ice skating,7/17/2022
G4GUX,rowing,5/1/2022
2I47G,swimming,9/10/2022
YE8XI,diving,5/19/2022
62P37,gymnastics,5/31/2022
R5J1D,gymnastics,9/13/2022
1BK15,diving,4/8/2022
ECC6D,track,3/1/2022
M0TI6,basketball,8/6/2022
JXTIO,diving,9/26/2022
E06PM,rowing,1/5/2022
S7N68,rowing,6/27/2022
0B9HZ,biathlon,10/15/2022
D8PUU,gymnastics,1/31/2022
QJZU3,water polo,5/11/2022
EC3J7,curling,10/15/2022
D1H72,basketball,1/18/2022
WSOFS,gymnastics,7/31/2022
I7V1A,swimming,4/20/2022
XYSW0,diving,2/22/2022
5INUN,track,4/4/2022
IH606,hockey,10/23/2022
BU6LP,ice skating,7/7/2022
3C5S5,ice skating,5/17/2022
JTDRJ,biathlon,8/25/2022
IV6PO,curling,4/22/2022
ZOBJA,biathlon,9/19/2022
2XYV1,diving,5/20/2022
8PX7U,biathlon,8/18/2022
FJMEE,biathlon,9/4/2022
ENAJB,water polo,8/30/2022
HOQU6,bobsled,2/21/2022
F07JE,track,10/5/2022
94WKV,hockey,5/1/2022
A8DSM,gymnastics,5/31/2022
WB27F,bobsled,10/18/2022
BCYWT,swimming,6/10/2022
NNB7T,basketball,9/10/2022
ZMCWM,bobsled,2/1/2022
2SR3U,track,1/1/2022
4G5AV,bobsled,8/19/2022
ETORL,swimming,3/16/2022
30ANU,swimming,9/29/2022
6VP33,water polo,5/10/2022
X4PVJ,bobsled,3/4/2022
U5D5F,gymnastics,4/3/2022
Z7TFJ,gymnastics,3/28/2022
HYW12,track,9/5/2022
OTR3V,rowing,6/24/2022
TSR4C,swimming,5/28/2022
MBV8I,bobsled,10/3/2022
LGNGM,water polo,9/19/2022
R3P10,bobsled,8/9/2022
2TCNB,track,6/10/2022
HX26K,diving,1/13/2022
L8WZZ,hockey,6/6/2022
KEE0J,swimming,9/30/2022
CHWBS,hockey,8/9/2022
XMF6Z,hockey,6/12/2022
0W2YD,rowing,10/27/2022
I8FFU,biathlon,9/15/2022
0UOCC,ice skating,10/3/2022
T1H82,rowing,1/19/2022
ZGRVB,swimming,3/6/2022
ZWN3C,diving,6/22/2022
RO9M1,biathlon,1/25/2022
22MKE,rowing,4/11/2022
MIUQN,water polo,9/30/2022
0UNWN,track,3/3/2022
PXKQ4,rowing,6/23/2022
W91YH,water polo,7/24/2022
V2MD4,track,7/9/2022
C3IOZ,bobsled,8/7/2022
ABAZF,basketball,8/23/2022
PQN0T,bobsled,10/21/2022
02A3A,gymnastics,1/1/2022
D1U9G,gymnastics,1/16/2022
HOPZN,curling,7/12/2022
UZBBQ,swimming,5/7/2022
RT7BD,ice skating,5/2/2022
XK5JB,gymnastics,7/1/2022
L265F,track,1/20/2022
MZ0CC,ice skating,6/11/2022
7CA26,bobsled,3/15/2022
43HWH,water polo,8/2/2022
8QS8E,swimming,9/3/2022
H879G,bobsled,2/2/2022
2NJ4E,ice skating,10/9/2022
2XC8S,swimming,2/20/2022
8FQEJ,rowing,1/6/2022
67RFL,track,6/6/2022
SAF95,biathlon,9/21/2022
KH9YG,diving,6/12/2022
NP3HS,track,5/3/2022
BY7G2,rowing,1/2/2022
CU3A5,water polo,3/24/2022
488S8,gymnastics,1/6/2022
3E1K5,rowing,10/6/2022
5ZS2Q,basketball,10/21/2022
T0EMO,biathlon,1/1/2022
EZZO0,bobsled,9/20/2022
UTZYK,track,7/25/2022
MCK3E,track,8/26/2022
Q750C,basketball,2/7/2022
6EPJN,curling,3/15/2022
H9AEI,swimming,2/16/2022
KS2PG,bobsled,8/25/2022
Z4CVZ,ice skating,9/10/2022
GP5MN,rowing,3/19/2022
1WXFW,track,4/28/2022
LXW8K,hockey,4/19/2022
MSU7R,gymnastics,9/25/2022
85D04,hockey,3/12/2022
9BRO0,bobsled,2/8/2022
M6HI4,biathlon,7/4/2022
2QJTW,hockey,6/4/2022
LC7PZ,ice skating,9/1/2022
PE5A5,bobsled,2/1/2022
8BUS8,bobsled,4/17/2022
097YD,track,6/25/2022
UNS27,ice skating,2/14/2022
OGHDS,ice skating,4/10/2022
HIBFV,rowing,2/21/2022
WUAA1,gymnastics,9/11/2022
50OZG,rowing,7/22/2022
XHB5V,track,9/10/2022
U1CXQ,basketball,9/8/2022
JF6TB,water polo,5/15/2022
8SI4V,basketball,2/14/2022
EK73U,biathlon,3/1/2022
P730R,rowing,4/19/2022
6A3J1,curling,1/8/2022
UBF86,curling,1/17/2022
YJEBI,gymnastics,1/16/2022
2Y5LN,curling,3/21/2022
7R2JM,track,9/22/2022
7ZC6C,swimming,4/11/2022
TH1UH,biathlon,8/5/2022
DZ6DE,ice skating,5/3/2022
2PURO,curling,5/23/2022
JG4EA,gymnastics,8/9/2022
ULMVY,track,1/17/2022
8B42J,bobsled,10/18/2022
WQ1UR,hockey,9/30/2022
14RCH,track,8/24/2022
TFKPP,rowing,9/12/2022
C19H0,water polo,7/12/2022
G5CLD,ice skating,10/4/2022
YBS45,diving,9/8/2022
8XK4U,track,6/28/2022
PA0LB,basketball,9/6/2022
P9WTZ,biathlon,6/19/2022
DIEOX,track,5/25/2022
MY96U,track,7/28/2022
ARASA,biathlon,3/11/2022
YEJBQ,biathlon,3/22/2022
ESPUE,curling,5/26/2022
F62LZ,bobsled,8/17/2022
XMG0E,bobsled,4/24/2022
WYGIH,rowing,1/4/2022
Z1OGK,diving,2/23/2022
A77X8,ice skating,2/28/2022
M62I4,water polo,4/16/2022
U9K5D,track,5/10/2022
U3S21,biathlon,5/12/2022
8HSYB,basketball,5/23/2022
ONUFE,swimming,10/7/2022
R5P40,gymnastics,2/6/2022
818XG,water polo,5/12/2022
WCN9R,hockey,8/29/2022
LPFGP,diving,1/14/2022
YJIKY,track,1/17/2022
E9NU6,track,4/15/2022
92TFM,bobsled,3/5/2022
WA98C,hockey,2/28/2022
79VP7,ice skating,8/15/2022
INU3L,hockey,4/23/2022
BELLS,swimming,5/21/2022
2ECO7,biathlon,6/3/2022
U9LH3,basketball,8/2/2022
HC4FC,curling,2/20/2022
TMSDI,curling,4/24/2022
QXKB3,gymnastics,2/14/2022
E3ZU6,hockey,7/5/2022
ZERX2,basketball,10/11/2022
GVM67,ice skating,4/4/2022
FI4VA,swimming,1/19/2022
T9X1V,swimming,4/30/2022
LXN8C,water polo,3/11/2022
Z7NJP,rowing,7/23/2022
N9M8G,rowing,10/10/2022
UZ5ZF,diving,1/28/2022
1O47A,track,4/28/2022
FT2JA,hockey,5/8/2022
KLT06,bobsled,4/27/2022
NGNDE,hockey,6/11/2022
9V1V6,track,2/12/2022
R33QA,basketball,2/8/2022
AUCOF,track,8/6/2022
UDH4E,track,7/6/2022
W26XI,hockey,7/4/2022
1E80I,track,5/14/2022
MROUD,gymnastics,2/18/2022
83RL9,biathlon,7/6/2022
0G9UO,water polo,2/15/2022
KO4D3,ice skating,9/29/2022
YZG2A,gymnastics,7/13/2022
VU3F6,ice skating,6/15/2022
OP3SJ,curling,1/15/2022
87UXU,track,4/28/2022
MICAX,diving,5/11/2022
60X8U,basketball,10/13/2022
T12HM,gymnastics,9/24/2022
TITR2,rowing,3/2/2022
G8UGU,rowing,3/6/2022
W6HFD,water polo,9/1/2022
KV9KX,ice skating,8/8/2022
NL98D,ice skating,5/26/2022
IU79H,hockey,9/6/2022
D31EJ,swimming,2/3/2022
2D3JC,diving,1/26/2022
D9CCM,gymnastics,2/2/2022
QLKFC,swimming,3/18/2022
V07CM,biathlon,10/19/2022
G6WGV,water polo,3/27/2022
J0J44,bobsled,1/24/2022
ZYISS,hockey,5/30/2022
7HH8R,ice skating,1/4/2022
XU925,basketball,2/8/2022
BSPJ4,rowing,6/2/2022
4RT61,basketball,8/5/2022
7S9YH,bobsled,7/21/2022
A6QTQ,basketball,4/23/2022
VZGAO,curling,6/24/2022
3LJND,biathlon,7/9/2022
DY2MB,swimming,8/16/2022
RDBF8,biathlon,10/5/2022
QSP6R,biathlon,9/21/2022
TGAFB,track,3/26/2022
GS3YH,gymnastics,6/14/2022
ICWTJ,biathlon,2/2/2022
3EF7R,bobsled,5/24/2022
POJY0,ice skating,3/27/2022
5A8V2,biathlon,4/12/2022
H8PO9,rowing,8/16/2022
EBNSI,hockey,3/6/2022
OG4GW,hockey,6/17/2022
D5A3B,hockey,3/16/2022
6FIET,bobsled,5/20/2022
XGG9V,water polo,2/14/2022
6UTC0,ice skating,1/25/2022
JYLGW,diving,9/30/2022
O0FSU,swimming,1/11/2022
X2UOA,basketball,7/24/2022
YT04A,track,6/25/2022
RY8F1,ice skating,10/20/2022
D4UOM,rowing,9/20/2022
HP259,track,3/20/2022
WIA9H,rowing,2/16/2022
9HGGP,biathlon,7/13/2022
HDBUH,hockey,6/4/2022
PF92Z,ice skating,4/10/2022
RZ5HM,hockey,3/22/2022
96CQ3,diving,9/6/2022
9NO7P,water polo,1/17/2022
4PM9J,curling,8/31/2022
5YMMF,water polo,2/26/2022
5ATW2,curling,2/10/2022
78S9D,rowing,3/18/2022
BS2MU,diving,6/28/2022
JZ282,gymnastics,5/27/2022
DHZYT,ice skating,5/21/2022
RJVBC,track,8/1/2022
PYZ4Y,ice skating,2/28/2022
R5T07,swimming,2/10/2022
0YHDE,curling,8/20/2022
8CSXW,curling,7/9/2022
RGH5R,bobsled,2/27/2022
AZYSE,diving,8/7/2022
UJX04,swimming,6/7/2022
RBCCT,ice skating,9/5/2022
0WW5J,rowing,9/22/2022
D4F5O,hockey,6/14/2022
4GHSM,curling,7/22/2022
1V3ML,curling,7/12/2022
VU4JJ,diving,9/21/2022
G68DR,track,5/6/2022
JPCPO,hockey,7/13/2022
1A40P,bobsled,7/13/2022
ZP34L,curling,9/4/2022
A91GY,basketball,9/18/2022
5FEXG,gymnastics,3/20/2022
B82K9,ice skating,7/30/2022
4VCCW,track,8/25/2022
1LDM5,track,3/26/2022
LBZ2N,rowing,1/4/2022
RGVUP,basketball,5/13/2022
8EMIS,diving,10/2/2022
4E9MD,track,10/18/2022
2XN2Z,track,5/4/2022
5ZGDH,hockey,5/5/2022
HMWBH,ice skating,1/14/2022
09TK2,ice skating,7/23/2022
019DI,ice skating,2/27/2022
7KDR3,hockey,4/10/2022
YMYJO,gymnastics,8/23/2022
IIG3G,bobsled,3/2/2022
CTGR7,hockey,5/28/2022
D7UPO,track,8/15/2022
76XJN,water polo,4/25/2022
488TU,hockey,10/6/2022
NPPR3,swimming,10/2/2022
LZGXR,ice skating,7/2/2022
HOEM4,hockey,1/26/2022
BQU1U,diving,2/2/2022
JDPTG,swimming,7/20/2022
